id,count,bin,image_path,json_path,density_path,split
1,288,200-299,D:\PanoCrowdCount\data\dataset\images\1.jpg,D:\PanoCrowdCount\data\dataset\json\1.json,D:\PanoCrowdCount\data\dataset\density_maps\1.npy,train
10,648,500+,D:\PanoCrowdCount\data\dataset\images\10.jpg,D:\PanoCrowdCount\data\dataset\json\10.json,D:\PanoCrowdCount\data\dataset\density_maps\10.npy,val
100,304,300-499,D:\PanoCrowdCount\data\dataset\images\100.jpg,D:\PanoCrowdCount\data\dataset\json\100.json,D:\PanoCrowdCount\data\dataset\density_maps\100.npy,test
1000,106,100-199,D:\PanoCrowdCount\data\dataset\images\1000.jpg,D:\PanoCrowdCount\data\dataset\json\1000.json,D:\PanoCrowdCount\data\dataset\density_maps\1000.npy,train
1001,607,500+,D:\PanoCrowdCount\data\dataset\images\1001.jpg,D:\PanoCrowdCount\data\dataset\json\1001.json,D:\PanoCrowdCount\data\dataset\density_maps\1001.npy,val
1002,253,200-299,D:\PanoCrowdCount\data\dataset\images\1002.jpg,D:\PanoCrowdCount\data\dataset\json\1002.json,D:\PanoCrowdCount\data\dataset\density_maps\1002.npy,train
1003,149,100-199,D:\PanoCrowdCount\data\dataset\images\1003.jpg,D:\PanoCrowdCount\data\dataset\json\1003.json,D:\PanoCrowdCount\data\dataset\density_maps\1003.npy,test
1004,262,200-299,D:\PanoCrowdCount\data\dataset\images\1004.jpg,D:\PanoCrowdCount\data\dataset\json\1004.json,D:\PanoCrowdCount\data\dataset\density_maps\1004.npy,train
1005,45,0-49,D:\PanoCrowdCount\data\dataset\images\1005.jpg,D:\PanoCrowdCount\data\dataset\json\1005.json,D:\PanoCrowdCount\data\dataset\density_maps\1005.npy,train
1006,47,0-49,D:\PanoCrowdCount\data\dataset\images\1006.jpg,D:\PanoCrowdCount\data\dataset\json\1006.json,D:\PanoCrowdCount\data\dataset\density_maps\1006.npy,test
1007,109,100-199,D:\PanoCrowdCount\data\dataset\images\1007.jpg,D:\PanoCrowdCount\data\dataset\json\1007.json,D:\PanoCrowdCount\data\dataset\density_maps\1007.npy,train
1008,23,0-49,D:\PanoCrowdCount\data\dataset\images\1008.jpg,D:\PanoCrowdCount\data\dataset\json\1008.json,D:\PanoCrowdCount\data\dataset\density_maps\1008.npy,train
1009,96,50-99,D:\PanoCrowdCount\data\dataset\images\1009.jpg,D:\PanoCrowdCount\data\dataset\json\1009.json,D:\PanoCrowdCount\data\dataset\density_maps\1009.npy,val
101,24,0-49,D:\PanoCrowdCount\data\dataset\images\101.jpg,D:\PanoCrowdCount\data\dataset\json\101.json,D:\PanoCrowdCount\data\dataset\density_maps\101.npy,train
1010,167,100-199,D:\PanoCrowdCount\data\dataset\images\1010.jpg,D:\PanoCrowdCount\data\dataset\json\1010.json,D:\PanoCrowdCount\data\dataset\density_maps\1010.npy,val
1011,30,0-49,D:\PanoCrowdCount\data\dataset\images\1011.jpg,D:\PanoCrowdCount\data\dataset\json\1011.json,D:\PanoCrowdCount\data\dataset\density_maps\1011.npy,train
1012,99,50-99,D:\PanoCrowdCount\data\dataset\images\1012.jpg,D:\PanoCrowdCount\data\dataset\json\1012.json,D:\PanoCrowdCount\data\dataset\density_maps\1012.npy,train
1013,20,0-49,D:\PanoCrowdCount\data\dataset\images\1013.jpg,D:\PanoCrowdCount\data\dataset\json\1013.json,D:\PanoCrowdCount\data\dataset\density_maps\1013.npy,train
1014,259,200-299,D:\PanoCrowdCount\data\dataset\images\1014.jpg,D:\PanoCrowdCount\data\dataset\json\1014.json,D:\PanoCrowdCount\data\dataset\density_maps\1014.npy,train
1015,35,0-49,D:\PanoCrowdCount\data\dataset\images\1015.jpg,D:\PanoCrowdCount\data\dataset\json\1015.json,D:\PanoCrowdCount\data\dataset\density_maps\1015.npy,train
1016,89,50-99,D:\PanoCrowdCount\data\dataset\images\1016.jpg,D:\PanoCrowdCount\data\dataset\json\1016.json,D:\PanoCrowdCount\data\dataset\density_maps\1016.npy,test
1017,38,0-49,D:\PanoCrowdCount\data\dataset\images\1017.jpg,D:\PanoCrowdCount\data\dataset\json\1017.json,D:\PanoCrowdCount\data\dataset\density_maps\1017.npy,val
1018,43,0-49,D:\PanoCrowdCount\data\dataset\images\1018.jpg,D:\PanoCrowdCount\data\dataset\json\1018.json,D:\PanoCrowdCount\data\dataset\density_maps\1018.npy,val
1019,155,100-199,D:\PanoCrowdCount\data\dataset\images\1019.jpg,D:\PanoCrowdCount\data\dataset\json\1019.json,D:\PanoCrowdCount\data\dataset\density_maps\1019.npy,train
102,128,100-199,D:\PanoCrowdCount\data\dataset\images\102.jpg,D:\PanoCrowdCount\data\dataset\json\102.json,D:\PanoCrowdCount\data\dataset\density_maps\102.npy,val
1020,74,50-99,D:\PanoCrowdCount\data\dataset\images\1020.jpg,D:\PanoCrowdCount\data\dataset\json\1020.json,D:\PanoCrowdCount\data\dataset\density_maps\1020.npy,test
1021,95,50-99,D:\PanoCrowdCount\data\dataset\images\1021.jpg,D:\PanoCrowdCount\data\dataset\json\1021.json,D:\PanoCrowdCount\data\dataset\density_maps\1021.npy,train
1022,109,100-199,D:\PanoCrowdCount\data\dataset\images\1022.jpg,D:\PanoCrowdCount\data\dataset\json\1022.json,D:\PanoCrowdCount\data\dataset\density_maps\1022.npy,train
1023,57,50-99,D:\PanoCrowdCount\data\dataset\images\1023.jpg,D:\PanoCrowdCount\data\dataset\json\1023.json,D:\PanoCrowdCount\data\dataset\density_maps\1023.npy,train
1024,24,0-49,D:\PanoCrowdCount\data\dataset\images\1024.jpg,D:\PanoCrowdCount\data\dataset\json\1024.json,D:\PanoCrowdCount\data\dataset\density_maps\1024.npy,train
1025,183,100-199,D:\PanoCrowdCount\data\dataset\images\1025.jpg,D:\PanoCrowdCount\data\dataset\json\1025.json,D:\PanoCrowdCount\data\dataset\density_maps\1025.npy,test
1026,138,100-199,D:\PanoCrowdCount\data\dataset\images\1026.jpg,D:\PanoCrowdCount\data\dataset\json\1026.json,D:\PanoCrowdCount\data\dataset\density_maps\1026.npy,test
1027,66,50-99,D:\PanoCrowdCount\data\dataset\images\1027.jpg,D:\PanoCrowdCount\data\dataset\json\1027.json,D:\PanoCrowdCount\data\dataset\density_maps\1027.npy,train
1028,19,0-49,D:\PanoCrowdCount\data\dataset\images\1028.jpg,D:\PanoCrowdCount\data\dataset\json\1028.json,D:\PanoCrowdCount\data\dataset\density_maps\1028.npy,train
1029,84,50-99,D:\PanoCrowdCount\data\dataset\images\1029.jpg,D:\PanoCrowdCount\data\dataset\json\1029.json,D:\PanoCrowdCount\data\dataset\density_maps\1029.npy,train
103,52,50-99,D:\PanoCrowdCount\data\dataset\images\103.jpg,D:\PanoCrowdCount\data\dataset\json\103.json,D:\PanoCrowdCount\data\dataset\density_maps\103.npy,train
1030,94,50-99,D:\PanoCrowdCount\data\dataset\images\1030.jpg,D:\PanoCrowdCount\data\dataset\json\1030.json,D:\PanoCrowdCount\data\dataset\density_maps\1030.npy,train
1031,146,100-199,D:\PanoCrowdCount\data\dataset\images\1031.jpg,D:\PanoCrowdCount\data\dataset\json\1031.json,D:\PanoCrowdCount\data\dataset\density_maps\1031.npy,train
1032,149,100-199,D:\PanoCrowdCount\data\dataset\images\1032.jpg,D:\PanoCrowdCount\data\dataset\json\1032.json,D:\PanoCrowdCount\data\dataset\density_maps\1032.npy,train
1033,46,0-49,D:\PanoCrowdCount\data\dataset\images\1033.jpg,D:\PanoCrowdCount\data\dataset\json\1033.json,D:\PanoCrowdCount\data\dataset\density_maps\1033.npy,train
1034,17,0-49,D:\PanoCrowdCount\data\dataset\images\1034.jpg,D:\PanoCrowdCount\data\dataset\json\1034.json,D:\PanoCrowdCount\data\dataset\density_maps\1034.npy,train
1035,632,500+,D:\PanoCrowdCount\data\dataset\images\1035.jpg,D:\PanoCrowdCount\data\dataset\json\1035.json,D:\PanoCrowdCount\data\dataset\density_maps\1035.npy,train
1036,144,100-199,D:\PanoCrowdCount\data\dataset\images\1036.jpg,D:\PanoCrowdCount\data\dataset\json\1036.json,D:\PanoCrowdCount\data\dataset\density_maps\1036.npy,train
1037,115,100-199,D:\PanoCrowdCount\data\dataset\images\1037.jpg,D:\PanoCrowdCount\data\dataset\json\1037.json,D:\PanoCrowdCount\data\dataset\density_maps\1037.npy,train
1038,61,50-99,D:\PanoCrowdCount\data\dataset\images\1038.jpg,D:\PanoCrowdCount\data\dataset\json\1038.json,D:\PanoCrowdCount\data\dataset\density_maps\1038.npy,train
1039,186,100-199,D:\PanoCrowdCount\data\dataset\images\1039.jpg,D:\PanoCrowdCount\data\dataset\json\1039.json,D:\PanoCrowdCount\data\dataset\density_maps\1039.npy,train
104,208,200-299,D:\PanoCrowdCount\data\dataset\images\104.jpg,D:\PanoCrowdCount\data\dataset\json\104.json,D:\PanoCrowdCount\data\dataset\density_maps\104.npy,train
1040,52,50-99,D:\PanoCrowdCount\data\dataset\images\1040.jpg,D:\PanoCrowdCount\data\dataset\json\1040.json,D:\PanoCrowdCount\data\dataset\density_maps\1040.npy,test
1041,140,100-199,D:\PanoCrowdCount\data\dataset\images\1041.jpg,D:\PanoCrowdCount\data\dataset\json\1041.json,D:\PanoCrowdCount\data\dataset\density_maps\1041.npy,train
1042,162,100-199,D:\PanoCrowdCount\data\dataset\images\1042.jpg,D:\PanoCrowdCount\data\dataset\json\1042.json,D:\PanoCrowdCount\data\dataset\density_maps\1042.npy,train
1043,123,100-199,D:\PanoCrowdCount\data\dataset\images\1043.jpg,D:\PanoCrowdCount\data\dataset\json\1043.json,D:\PanoCrowdCount\data\dataset\density_maps\1043.npy,val
1044,194,100-199,D:\PanoCrowdCount\data\dataset\images\1044.jpg,D:\PanoCrowdCount\data\dataset\json\1044.json,D:\PanoCrowdCount\data\dataset\density_maps\1044.npy,train
105,393,300-499,D:\PanoCrowdCount\data\dataset\images\105.jpg,D:\PanoCrowdCount\data\dataset\json\105.json,D:\PanoCrowdCount\data\dataset\density_maps\105.npy,train
106,903,500+,D:\PanoCrowdCount\data\dataset\images\106.jpg,D:\PanoCrowdCount\data\dataset\json\106.json,D:\PanoCrowdCount\data\dataset\density_maps\106.npy,train
107,90,50-99,D:\PanoCrowdCount\data\dataset\images\107.jpg,D:\PanoCrowdCount\data\dataset\json\107.json,D:\PanoCrowdCount\data\dataset\density_maps\107.npy,train
108,123,100-199,D:\PanoCrowdCount\data\dataset\images\108.jpg,D:\PanoCrowdCount\data\dataset\json\108.json,D:\PanoCrowdCount\data\dataset\density_maps\108.npy,train
109,95,50-99,D:\PanoCrowdCount\data\dataset\images\109.jpg,D:\PanoCrowdCount\data\dataset\json\109.json,D:\PanoCrowdCount\data\dataset\density_maps\109.npy,train
11,300,300-499,D:\PanoCrowdCount\data\dataset\images\11.jpg,D:\PanoCrowdCount\data\dataset\json\11.json,D:\PanoCrowdCount\data\dataset\density_maps\11.npy,val
110,60,50-99,D:\PanoCrowdCount\data\dataset\images\110.jpg,D:\PanoCrowdCount\data\dataset\json\110.json,D:\PanoCrowdCount\data\dataset\density_maps\110.npy,train
111,87,50-99,D:\PanoCrowdCount\data\dataset\images\111.jpg,D:\PanoCrowdCount\data\dataset\json\111.json,D:\PanoCrowdCount\data\dataset\density_maps\111.npy,train
112,87,50-99,D:\PanoCrowdCount\data\dataset\images\112.jpg,D:\PanoCrowdCount\data\dataset\json\112.json,D:\PanoCrowdCount\data\dataset\density_maps\112.npy,val
113,64,50-99,D:\PanoCrowdCount\data\dataset\images\113.jpg,D:\PanoCrowdCount\data\dataset\json\113.json,D:\PanoCrowdCount\data\dataset\density_maps\113.npy,train
114,77,50-99,D:\PanoCrowdCount\data\dataset\images\114.jpg,D:\PanoCrowdCount\data\dataset\json\114.json,D:\PanoCrowdCount\data\dataset\density_maps\114.npy,train
115,79,50-99,D:\PanoCrowdCount\data\dataset\images\115.jpg,D:\PanoCrowdCount\data\dataset\json\115.json,D:\PanoCrowdCount\data\dataset\density_maps\115.npy,train
116,450,300-499,D:\PanoCrowdCount\data\dataset\images\116.jpg,D:\PanoCrowdCount\data\dataset\json\116.json,D:\PanoCrowdCount\data\dataset\density_maps\116.npy,train
117,526,500+,D:\PanoCrowdCount\data\dataset\images\117.jpg,D:\PanoCrowdCount\data\dataset\json\117.json,D:\PanoCrowdCount\data\dataset\density_maps\117.npy,train
118,50,50-99,D:\PanoCrowdCount\data\dataset\images\118.jpg,D:\PanoCrowdCount\data\dataset\json\118.json,D:\PanoCrowdCount\data\dataset\density_maps\118.npy,train
119,215,200-299,D:\PanoCrowdCount\data\dataset\images\119.jpg,D:\PanoCrowdCount\data\dataset\json\119.json,D:\PanoCrowdCount\data\dataset\density_maps\119.npy,train
12,214,200-299,D:\PanoCrowdCount\data\dataset\images\12.jpg,D:\PanoCrowdCount\data\dataset\json\12.json,D:\PanoCrowdCount\data\dataset\density_maps\12.npy,train
120,487,300-499,D:\PanoCrowdCount\data\dataset\images\120.jpg,D:\PanoCrowdCount\data\dataset\json\120.json,D:\PanoCrowdCount\data\dataset\density_maps\120.npy,train
121,145,100-199,D:\PanoCrowdCount\data\dataset\images\121.jpg,D:\PanoCrowdCount\data\dataset\json\121.json,D:\PanoCrowdCount\data\dataset\density_maps\121.npy,train
122,323,300-499,D:\PanoCrowdCount\data\dataset\images\122.jpg,D:\PanoCrowdCount\data\dataset\json\122.json,D:\PanoCrowdCount\data\dataset\density_maps\122.npy,train
123,90,50-99,D:\PanoCrowdCount\data\dataset\images\123.jpg,D:\PanoCrowdCount\data\dataset\json\123.json,D:\PanoCrowdCount\data\dataset\density_maps\123.npy,train
124,130,100-199,D:\PanoCrowdCount\data\dataset\images\124.jpg,D:\PanoCrowdCount\data\dataset\json\124.json,D:\PanoCrowdCount\data\dataset\density_maps\124.npy,test
125,23,0-49,D:\PanoCrowdCount\data\dataset\images\125.jpg,D:\PanoCrowdCount\data\dataset\json\125.json,D:\PanoCrowdCount\data\dataset\density_maps\125.npy,val
126,155,100-199,D:\PanoCrowdCount\data\dataset\images\126.jpg,D:\PanoCrowdCount\data\dataset\json\126.json,D:\PanoCrowdCount\data\dataset\density_maps\126.npy,test
127,460,300-499,D:\PanoCrowdCount\data\dataset\images\127.jpg,D:\PanoCrowdCount\data\dataset\json\127.json,D:\PanoCrowdCount\data\dataset\density_maps\127.npy,train
128,81,50-99,D:\PanoCrowdCount\data\dataset\images\128.jpg,D:\PanoCrowdCount\data\dataset\json\128.json,D:\PanoCrowdCount\data\dataset\density_maps\128.npy,val
129,240,200-299,D:\PanoCrowdCount\data\dataset\images\129.jpg,D:\PanoCrowdCount\data\dataset\json\129.json,D:\PanoCrowdCount\data\dataset\density_maps\129.npy,train
13,521,500+,D:\PanoCrowdCount\data\dataset\images\13.jpg,D:\PanoCrowdCount\data\dataset\json\13.json,D:\PanoCrowdCount\data\dataset\density_maps\13.npy,train
130,219,200-299,D:\PanoCrowdCount\data\dataset\images\130.jpg,D:\PanoCrowdCount\data\dataset\json\130.json,D:\PanoCrowdCount\data\dataset\density_maps\130.npy,val
131,27,0-49,D:\PanoCrowdCount\data\dataset\images\131.jpg,D:\PanoCrowdCount\data\dataset\json\131.json,D:\PanoCrowdCount\data\dataset\density_maps\131.npy,val
132,176,100-199,D:\PanoCrowdCount\data\dataset\images\132.jpg,D:\PanoCrowdCount\data\dataset\json\132.json,D:\PanoCrowdCount\data\dataset\density_maps\132.npy,train
133,83,50-99,D:\PanoCrowdCount\data\dataset\images\133.jpg,D:\PanoCrowdCount\data\dataset\json\133.json,D:\PanoCrowdCount\data\dataset\density_maps\133.npy,train
134,189,100-199,D:\PanoCrowdCount\data\dataset\images\134.jpg,D:\PanoCrowdCount\data\dataset\json\134.json,D:\PanoCrowdCount\data\dataset\density_maps\134.npy,val
135,301,300-499,D:\PanoCrowdCount\data\dataset\images\135.jpg,D:\PanoCrowdCount\data\dataset\json\135.json,D:\PanoCrowdCount\data\dataset\density_maps\135.npy,val
136,238,200-299,D:\PanoCrowdCount\data\dataset\images\136.jpg,D:\PanoCrowdCount\data\dataset\json\136.json,D:\PanoCrowdCount\data\dataset\density_maps\136.npy,train
137,349,300-499,D:\PanoCrowdCount\data\dataset\images\137.jpg,D:\PanoCrowdCount\data\dataset\json\137.json,D:\PanoCrowdCount\data\dataset\density_maps\137.npy,train
138,424,300-499,D:\PanoCrowdCount\data\dataset\images\138.jpg,D:\PanoCrowdCount\data\dataset\json\138.json,D:\PanoCrowdCount\data\dataset\density_maps\138.npy,train
139,131,100-199,D:\PanoCrowdCount\data\dataset\images\139.jpg,D:\PanoCrowdCount\data\dataset\json\139.json,D:\PanoCrowdCount\data\dataset\density_maps\139.npy,train
14,693,500+,D:\PanoCrowdCount\data\dataset\images\14.jpg,D:\PanoCrowdCount\data\dataset\json\14.json,D:\PanoCrowdCount\data\dataset\density_maps\14.npy,train
140,20,0-49,D:\PanoCrowdCount\data\dataset\images\140.jpg,D:\PanoCrowdCount\data\dataset\json\140.json,D:\PanoCrowdCount\data\dataset\density_maps\140.npy,train
141,47,0-49,D:\PanoCrowdCount\data\dataset\images\141.jpg,D:\PanoCrowdCount\data\dataset\json\141.json,D:\PanoCrowdCount\data\dataset\density_maps\141.npy,train
142,858,500+,D:\PanoCrowdCount\data\dataset\images\142.jpg,D:\PanoCrowdCount\data\dataset\json\142.json,D:\PanoCrowdCount\data\dataset\density_maps\142.npy,train
143,333,300-499,D:\PanoCrowdCount\data\dataset\images\143.jpg,D:\PanoCrowdCount\data\dataset\json\143.json,D:\PanoCrowdCount\data\dataset\density_maps\143.npy,train
144,392,300-499,D:\PanoCrowdCount\data\dataset\images\144.jpg,D:\PanoCrowdCount\data\dataset\json\144.json,D:\PanoCrowdCount\data\dataset\density_maps\144.npy,test
145,185,100-199,D:\PanoCrowdCount\data\dataset\images\145.jpg,D:\PanoCrowdCount\data\dataset\json\145.json,D:\PanoCrowdCount\data\dataset\density_maps\145.npy,train
146,84,50-99,D:\PanoCrowdCount\data\dataset\images\146.jpg,D:\PanoCrowdCount\data\dataset\json\146.json,D:\PanoCrowdCount\data\dataset\density_maps\146.npy,train
147,287,200-299,D:\PanoCrowdCount\data\dataset\images\147.jpg,D:\PanoCrowdCount\data\dataset\json\147.json,D:\PanoCrowdCount\data\dataset\density_maps\147.npy,train
148,123,100-199,D:\PanoCrowdCount\data\dataset\images\148.jpg,D:\PanoCrowdCount\data\dataset\json\148.json,D:\PanoCrowdCount\data\dataset\density_maps\148.npy,val
149,179,100-199,D:\PanoCrowdCount\data\dataset\images\149.jpg,D:\PanoCrowdCount\data\dataset\json\149.json,D:\PanoCrowdCount\data\dataset\density_maps\149.npy,test
15,80,50-99,D:\PanoCrowdCount\data\dataset\images\15.jpg,D:\PanoCrowdCount\data\dataset\json\15.json,D:\PanoCrowdCount\data\dataset\density_maps\15.npy,train
150,183,100-199,D:\PanoCrowdCount\data\dataset\images\150.jpg,D:\PanoCrowdCount\data\dataset\json\150.json,D:\PanoCrowdCount\data\dataset\density_maps\150.npy,train
151,38,0-49,D:\PanoCrowdCount\data\dataset\images\151.jpg,D:\PanoCrowdCount\data\dataset\json\151.json,D:\PanoCrowdCount\data\dataset\density_maps\151.npy,val
152,101,100-199,D:\PanoCrowdCount\data\dataset\images\152.jpg,D:\PanoCrowdCount\data\dataset\json\152.json,D:\PanoCrowdCount\data\dataset\density_maps\152.npy,val
153,53,50-99,D:\PanoCrowdCount\data\dataset\images\153.jpg,D:\PanoCrowdCount\data\dataset\json\153.json,D:\PanoCrowdCount\data\dataset\density_maps\153.npy,train
154,234,200-299,D:\PanoCrowdCount\data\dataset\images\154.jpg,D:\PanoCrowdCount\data\dataset\json\154.json,D:\PanoCrowdCount\data\dataset\density_maps\154.npy,val
155,69,50-99,D:\PanoCrowdCount\data\dataset\images\155.jpg,D:\PanoCrowdCount\data\dataset\json\155.json,D:\PanoCrowdCount\data\dataset\density_maps\155.npy,train
156,92,50-99,D:\PanoCrowdCount\data\dataset\images\156.jpg,D:\PanoCrowdCount\data\dataset\json\156.json,D:\PanoCrowdCount\data\dataset\density_maps\156.npy,val
157,260,200-299,D:\PanoCrowdCount\data\dataset\images\157.jpg,D:\PanoCrowdCount\data\dataset\json\157.json,D:\PanoCrowdCount\data\dataset\density_maps\157.npy,test
158,10,0-49,D:\PanoCrowdCount\data\dataset\images\158.jpg,D:\PanoCrowdCount\data\dataset\json\158.json,D:\PanoCrowdCount\data\dataset\density_maps\158.npy,train
159,293,200-299,D:\PanoCrowdCount\data\dataset\images\159.jpg,D:\PanoCrowdCount\data\dataset\json\159.json,D:\PanoCrowdCount\data\dataset\density_maps\159.npy,train
16,71,50-99,D:\PanoCrowdCount\data\dataset\images\16.jpg,D:\PanoCrowdCount\data\dataset\json\16.json,D:\PanoCrowdCount\data\dataset\density_maps\16.npy,val
160,125,100-199,D:\PanoCrowdCount\data\dataset\images\160.jpg,D:\PanoCrowdCount\data\dataset\json\160.json,D:\PanoCrowdCount\data\dataset\density_maps\160.npy,train
161,49,0-49,D:\PanoCrowdCount\data\dataset\images\161.jpg,D:\PanoCrowdCount\data\dataset\json\161.json,D:\PanoCrowdCount\data\dataset\density_maps\161.npy,train
162,467,300-499,D:\PanoCrowdCount\data\dataset\images\162.jpg,D:\PanoCrowdCount\data\dataset\json\162.json,D:\PanoCrowdCount\data\dataset\density_maps\162.npy,train
163,171,100-199,D:\PanoCrowdCount\data\dataset\images\163.jpg,D:\PanoCrowdCount\data\dataset\json\163.json,D:\PanoCrowdCount\data\dataset\density_maps\163.npy,train
164,48,0-49,D:\PanoCrowdCount\data\dataset\images\164.jpg,D:\PanoCrowdCount\data\dataset\json\164.json,D:\PanoCrowdCount\data\dataset\density_maps\164.npy,val
165,75,50-99,D:\PanoCrowdCount\data\dataset\images\165.jpg,D:\PanoCrowdCount\data\dataset\json\165.json,D:\PanoCrowdCount\data\dataset\density_maps\165.npy,train
166,61,50-99,D:\PanoCrowdCount\data\dataset\images\166.jpg,D:\PanoCrowdCount\data\dataset\json\166.json,D:\PanoCrowdCount\data\dataset\density_maps\166.npy,val
167,324,300-499,D:\PanoCrowdCount\data\dataset\images\167.jpg,D:\PanoCrowdCount\data\dataset\json\167.json,D:\PanoCrowdCount\data\dataset\density_maps\167.npy,test
168,14,0-49,D:\PanoCrowdCount\data\dataset\images\168.jpg,D:\PanoCrowdCount\data\dataset\json\168.json,D:\PanoCrowdCount\data\dataset\density_maps\168.npy,val
169,188,100-199,D:\PanoCrowdCount\data\dataset\images\169.jpg,D:\PanoCrowdCount\data\dataset\json\169.json,D:\PanoCrowdCount\data\dataset\density_maps\169.npy,val
17,85,50-99,D:\PanoCrowdCount\data\dataset\images\17.jpg,D:\PanoCrowdCount\data\dataset\json\17.json,D:\PanoCrowdCount\data\dataset\density_maps\17.npy,train
170,120,100-199,D:\PanoCrowdCount\data\dataset\images\170.jpg,D:\PanoCrowdCount\data\dataset\json\170.json,D:\PanoCrowdCount\data\dataset\density_maps\170.npy,train
171,116,100-199,D:\PanoCrowdCount\data\dataset\images\171.jpg,D:\PanoCrowdCount\data\dataset\json\171.json,D:\PanoCrowdCount\data\dataset\density_maps\171.npy,val
172,363,300-499,D:\PanoCrowdCount\data\dataset\images\172.jpg,D:\PanoCrowdCount\data\dataset\json\172.json,D:\PanoCrowdCount\data\dataset\density_maps\172.npy,test
173,85,50-99,D:\PanoCrowdCount\data\dataset\images\173.jpg,D:\PanoCrowdCount\data\dataset\json\173.json,D:\PanoCrowdCount\data\dataset\density_maps\173.npy,val
174,19,0-49,D:\PanoCrowdCount\data\dataset\images\174.jpg,D:\PanoCrowdCount\data\dataset\json\174.json,D:\PanoCrowdCount\data\dataset\density_maps\174.npy,train
175,131,100-199,D:\PanoCrowdCount\data\dataset\images\175.jpg,D:\PanoCrowdCount\data\dataset\json\175.json,D:\PanoCrowdCount\data\dataset\density_maps\175.npy,train
176,464,300-499,D:\PanoCrowdCount\data\dataset\images\176.jpg,D:\PanoCrowdCount\data\dataset\json\176.json,D:\PanoCrowdCount\data\dataset\density_maps\176.npy,val
177,128,100-199,D:\PanoCrowdCount\data\dataset\images\177.jpg,D:\PanoCrowdCount\data\dataset\json\177.json,D:\PanoCrowdCount\data\dataset\density_maps\177.npy,test
178,90,50-99,D:\PanoCrowdCount\data\dataset\images\178.jpg,D:\PanoCrowdCount\data\dataset\json\178.json,D:\PanoCrowdCount\data\dataset\density_maps\178.npy,train
179,23,0-49,D:\PanoCrowdCount\data\dataset\images\179.jpg,D:\PanoCrowdCount\data\dataset\json\179.json,D:\PanoCrowdCount\data\dataset\density_maps\179.npy,train
18,99,50-99,D:\PanoCrowdCount\data\dataset\images\18.jpg,D:\PanoCrowdCount\data\dataset\json\18.json,D:\PanoCrowdCount\data\dataset\density_maps\18.npy,train
180,307,300-499,D:\PanoCrowdCount\data\dataset\images\180.jpg,D:\PanoCrowdCount\data\dataset\json\180.json,D:\PanoCrowdCount\data\dataset\density_maps\180.npy,train
181,8,0-49,D:\PanoCrowdCount\data\dataset\images\181.jpg,D:\PanoCrowdCount\data\dataset\json\181.json,D:\PanoCrowdCount\data\dataset\density_maps\181.npy,train
182,684,500+,D:\PanoCrowdCount\data\dataset\images\182.jpg,D:\PanoCrowdCount\data\dataset\json\182.json,D:\PanoCrowdCount\data\dataset\density_maps\182.npy,val
183,93,50-99,D:\PanoCrowdCount\data\dataset\images\183.jpg,D:\PanoCrowdCount\data\dataset\json\183.json,D:\PanoCrowdCount\data\dataset\density_maps\183.npy,train
184,54,50-99,D:\PanoCrowdCount\data\dataset\images\184.jpg,D:\PanoCrowdCount\data\dataset\json\184.json,D:\PanoCrowdCount\data\dataset\density_maps\184.npy,test
185,252,200-299,D:\PanoCrowdCount\data\dataset\images\185.jpg,D:\PanoCrowdCount\data\dataset\json\185.json,D:\PanoCrowdCount\data\dataset\density_maps\185.npy,train
186,71,50-99,D:\PanoCrowdCount\data\dataset\images\186.jpg,D:\PanoCrowdCount\data\dataset\json\186.json,D:\PanoCrowdCount\data\dataset\density_maps\186.npy,val
187,21,0-49,D:\PanoCrowdCount\data\dataset\images\187.jpg,D:\PanoCrowdCount\data\dataset\json\187.json,D:\PanoCrowdCount\data\dataset\density_maps\187.npy,train
188,162,100-199,D:\PanoCrowdCount\data\dataset\images\188.jpg,D:\PanoCrowdCount\data\dataset\json\188.json,D:\PanoCrowdCount\data\dataset\density_maps\188.npy,test
189,143,100-199,D:\PanoCrowdCount\data\dataset\images\189.jpg,D:\PanoCrowdCount\data\dataset\json\189.json,D:\PanoCrowdCount\data\dataset\density_maps\189.npy,val
19,11,0-49,D:\PanoCrowdCount\data\dataset\images\19.jpg,D:\PanoCrowdCount\data\dataset\json\19.json,D:\PanoCrowdCount\data\dataset\density_maps\19.npy,train
190,273,200-299,D:\PanoCrowdCount\data\dataset\images\190.jpg,D:\PanoCrowdCount\data\dataset\json\190.json,D:\PanoCrowdCount\data\dataset\density_maps\190.npy,val
191,187,100-199,D:\PanoCrowdCount\data\dataset\images\191.jpg,D:\PanoCrowdCount\data\dataset\json\191.json,D:\PanoCrowdCount\data\dataset\density_maps\191.npy,train
192,63,50-99,D:\PanoCrowdCount\data\dataset\images\192.jpg,D:\PanoCrowdCount\data\dataset\json\192.json,D:\PanoCrowdCount\data\dataset\density_maps\192.npy,train
193,15,0-49,D:\PanoCrowdCount\data\dataset\images\193.jpg,D:\PanoCrowdCount\data\dataset\json\193.json,D:\PanoCrowdCount\data\dataset\density_maps\193.npy,train
194,207,200-299,D:\PanoCrowdCount\data\dataset\images\194.jpg,D:\PanoCrowdCount\data\dataset\json\194.json,D:\PanoCrowdCount\data\dataset\density_maps\194.npy,test
195,190,100-199,D:\PanoCrowdCount\data\dataset\images\195.jpg,D:\PanoCrowdCount\data\dataset\json\195.json,D:\PanoCrowdCount\data\dataset\density_maps\195.npy,train
196,170,100-199,D:\PanoCrowdCount\data\dataset\images\196.jpg,D:\PanoCrowdCount\data\dataset\json\196.json,D:\PanoCrowdCount\data\dataset\density_maps\196.npy,train
197,84,50-99,D:\PanoCrowdCount\data\dataset\images\197.jpg,D:\PanoCrowdCount\data\dataset\json\197.json,D:\PanoCrowdCount\data\dataset\density_maps\197.npy,train
198,161,100-199,D:\PanoCrowdCount\data\dataset\images\198.jpg,D:\PanoCrowdCount\data\dataset\json\198.json,D:\PanoCrowdCount\data\dataset\density_maps\198.npy,train
199,107,100-199,D:\PanoCrowdCount\data\dataset\images\199.jpg,D:\PanoCrowdCount\data\dataset\json\199.json,D:\PanoCrowdCount\data\dataset\density_maps\199.npy,train
2,102,100-199,D:\PanoCrowdCount\data\dataset\images\2.jpg,D:\PanoCrowdCount\data\dataset\json\2.json,D:\PanoCrowdCount\data\dataset\density_maps\2.npy,train
20,82,50-99,D:\PanoCrowdCount\data\dataset\images\20.jpg,D:\PanoCrowdCount\data\dataset\json\20.json,D:\PanoCrowdCount\data\dataset\density_maps\20.npy,train
200,152,100-199,D:\PanoCrowdCount\data\dataset\images\200.jpg,D:\PanoCrowdCount\data\dataset\json\200.json,D:\PanoCrowdCount\data\dataset\density_maps\200.npy,val
201,139,100-199,D:\PanoCrowdCount\data\dataset\images\201.jpg,D:\PanoCrowdCount\data\dataset\json\201.json,D:\PanoCrowdCount\data\dataset\density_maps\201.npy,train
202,249,200-299,D:\PanoCrowdCount\data\dataset\images\202.jpg,D:\PanoCrowdCount\data\dataset\json\202.json,D:\PanoCrowdCount\data\dataset\density_maps\202.npy,train
203,110,100-199,D:\PanoCrowdCount\data\dataset\images\203.jpg,D:\PanoCrowdCount\data\dataset\json\203.json,D:\PanoCrowdCount\data\dataset\density_maps\203.npy,val
204,497,300-499,D:\PanoCrowdCount\data\dataset\images\204.jpg,D:\PanoCrowdCount\data\dataset\json\204.json,D:\PanoCrowdCount\data\dataset\density_maps\204.npy,train
205,139,100-199,D:\PanoCrowdCount\data\dataset\images\205.jpg,D:\PanoCrowdCount\data\dataset\json\205.json,D:\PanoCrowdCount\data\dataset\density_maps\205.npy,test
206,229,200-299,D:\PanoCrowdCount\data\dataset\images\206.jpg,D:\PanoCrowdCount\data\dataset\json\206.json,D:\PanoCrowdCount\data\dataset\density_maps\206.npy,test
207,202,200-299,D:\PanoCrowdCount\data\dataset\images\207.jpg,D:\PanoCrowdCount\data\dataset\json\207.json,D:\PanoCrowdCount\data\dataset\density_maps\207.npy,train
208,128,100-199,D:\PanoCrowdCount\data\dataset\images\208.jpg,D:\PanoCrowdCount\data\dataset\json\208.json,D:\PanoCrowdCount\data\dataset\density_maps\208.npy,train
209,99,50-99,D:\PanoCrowdCount\data\dataset\images\209.jpg,D:\PanoCrowdCount\data\dataset\json\209.json,D:\PanoCrowdCount\data\dataset\density_maps\209.npy,train
21,119,100-199,D:\PanoCrowdCount\data\dataset\images\21.jpg,D:\PanoCrowdCount\data\dataset\json\21.json,D:\PanoCrowdCount\data\dataset\density_maps\21.npy,val
210,83,50-99,D:\PanoCrowdCount\data\dataset\images\210.jpg,D:\PanoCrowdCount\data\dataset\json\210.json,D:\PanoCrowdCount\data\dataset\density_maps\210.npy,train
211,249,200-299,D:\PanoCrowdCount\data\dataset\images\211.jpg,D:\PanoCrowdCount\data\dataset\json\211.json,D:\PanoCrowdCount\data\dataset\density_maps\211.npy,train
212,437,300-499,D:\PanoCrowdCount\data\dataset\images\212.jpg,D:\PanoCrowdCount\data\dataset\json\212.json,D:\PanoCrowdCount\data\dataset\density_maps\212.npy,train
213,261,200-299,D:\PanoCrowdCount\data\dataset\images\213.jpg,D:\PanoCrowdCount\data\dataset\json\213.json,D:\PanoCrowdCount\data\dataset\density_maps\213.npy,train
214,75,50-99,D:\PanoCrowdCount\data\dataset\images\214.jpg,D:\PanoCrowdCount\data\dataset\json\214.json,D:\PanoCrowdCount\data\dataset\density_maps\214.npy,train
215,275,200-299,D:\PanoCrowdCount\data\dataset\images\215.jpg,D:\PanoCrowdCount\data\dataset\json\215.json,D:\PanoCrowdCount\data\dataset\density_maps\215.npy,val
216,76,50-99,D:\PanoCrowdCount\data\dataset\images\216.jpg,D:\PanoCrowdCount\data\dataset\json\216.json,D:\PanoCrowdCount\data\dataset\density_maps\216.npy,train
217,107,100-199,D:\PanoCrowdCount\data\dataset\images\217.jpg,D:\PanoCrowdCount\data\dataset\json\217.json,D:\PanoCrowdCount\data\dataset\density_maps\217.npy,train
218,180,100-199,D:\PanoCrowdCount\data\dataset\images\218.jpg,D:\PanoCrowdCount\data\dataset\json\218.json,D:\PanoCrowdCount\data\dataset\density_maps\218.npy,train
219,140,100-199,D:\PanoCrowdCount\data\dataset\images\219.jpg,D:\PanoCrowdCount\data\dataset\json\219.json,D:\PanoCrowdCount\data\dataset\density_maps\219.npy,val
22,212,200-299,D:\PanoCrowdCount\data\dataset\images\22.jpg,D:\PanoCrowdCount\data\dataset\json\22.json,D:\PanoCrowdCount\data\dataset\density_maps\22.npy,train
220,209,200-299,D:\PanoCrowdCount\data\dataset\images\220.jpg,D:\PanoCrowdCount\data\dataset\json\220.json,D:\PanoCrowdCount\data\dataset\density_maps\220.npy,val
221,23,0-49,D:\PanoCrowdCount\data\dataset\images\221.jpg,D:\PanoCrowdCount\data\dataset\json\221.json,D:\PanoCrowdCount\data\dataset\density_maps\221.npy,train
222,299,200-299,D:\PanoCrowdCount\data\dataset\images\222.jpg,D:\PanoCrowdCount\data\dataset\json\222.json,D:\PanoCrowdCount\data\dataset\density_maps\222.npy,train
223,212,200-299,D:\PanoCrowdCount\data\dataset\images\223.jpg,D:\PanoCrowdCount\data\dataset\json\223.json,D:\PanoCrowdCount\data\dataset\density_maps\223.npy,train
224,74,50-99,D:\PanoCrowdCount\data\dataset\images\224.jpg,D:\PanoCrowdCount\data\dataset\json\224.json,D:\PanoCrowdCount\data\dataset\density_maps\224.npy,test
225,61,50-99,D:\PanoCrowdCount\data\dataset\images\225.jpg,D:\PanoCrowdCount\data\dataset\json\225.json,D:\PanoCrowdCount\data\dataset\density_maps\225.npy,train
226,60,50-99,D:\PanoCrowdCount\data\dataset\images\226.jpg,D:\PanoCrowdCount\data\dataset\json\226.json,D:\PanoCrowdCount\data\dataset\density_maps\226.npy,train
227,106,100-199,D:\PanoCrowdCount\data\dataset\images\227.jpg,D:\PanoCrowdCount\data\dataset\json\227.json,D:\PanoCrowdCount\data\dataset\density_maps\227.npy,train
228,348,300-499,D:\PanoCrowdCount\data\dataset\images\228.jpg,D:\PanoCrowdCount\data\dataset\json\228.json,D:\PanoCrowdCount\data\dataset\density_maps\228.npy,train
229,82,50-99,D:\PanoCrowdCount\data\dataset\images\229.jpg,D:\PanoCrowdCount\data\dataset\json\229.json,D:\PanoCrowdCount\data\dataset\density_maps\229.npy,val
23,144,100-199,D:\PanoCrowdCount\data\dataset\images\23.jpg,D:\PanoCrowdCount\data\dataset\json\23.json,D:\PanoCrowdCount\data\dataset\density_maps\23.npy,train
230,342,300-499,D:\PanoCrowdCount\data\dataset\images\230.jpg,D:\PanoCrowdCount\data\dataset\json\230.json,D:\PanoCrowdCount\data\dataset\density_maps\230.npy,train
231,398,300-499,D:\PanoCrowdCount\data\dataset\images\231.jpg,D:\PanoCrowdCount\data\dataset\json\231.json,D:\PanoCrowdCount\data\dataset\density_maps\231.npy,train
232,491,300-499,D:\PanoCrowdCount\data\dataset\images\232.jpg,D:\PanoCrowdCount\data\dataset\json\232.json,D:\PanoCrowdCount\data\dataset\density_maps\232.npy,train
233,262,200-299,D:\PanoCrowdCount\data\dataset\images\233.jpg,D:\PanoCrowdCount\data\dataset\json\233.json,D:\PanoCrowdCount\data\dataset\density_maps\233.npy,val
234,57,50-99,D:\PanoCrowdCount\data\dataset\images\234.jpg,D:\PanoCrowdCount\data\dataset\json\234.json,D:\PanoCrowdCount\data\dataset\density_maps\234.npy,val
235,152,100-199,D:\PanoCrowdCount\data\dataset\images\235.jpg,D:\PanoCrowdCount\data\dataset\json\235.json,D:\PanoCrowdCount\data\dataset\density_maps\235.npy,train
236,587,500+,D:\PanoCrowdCount\data\dataset\images\236.jpg,D:\PanoCrowdCount\data\dataset\json\236.json,D:\PanoCrowdCount\data\dataset\density_maps\236.npy,train
237,253,200-299,D:\PanoCrowdCount\data\dataset\images\237.jpg,D:\PanoCrowdCount\data\dataset\json\237.json,D:\PanoCrowdCount\data\dataset\density_maps\237.npy,train
238,74,50-99,D:\PanoCrowdCount\data\dataset\images\238.jpg,D:\PanoCrowdCount\data\dataset\json\238.json,D:\PanoCrowdCount\data\dataset\density_maps\238.npy,test
239,252,200-299,D:\PanoCrowdCount\data\dataset\images\239.jpg,D:\PanoCrowdCount\data\dataset\json\239.json,D:\PanoCrowdCount\data\dataset\density_maps\239.npy,test
24,233,200-299,D:\PanoCrowdCount\data\dataset\images\24.jpg,D:\PanoCrowdCount\data\dataset\json\24.json,D:\PanoCrowdCount\data\dataset\density_maps\24.npy,train
240,399,300-499,D:\PanoCrowdCount\data\dataset\images\240.jpg,D:\PanoCrowdCount\data\dataset\json\240.json,D:\PanoCrowdCount\data\dataset\density_maps\240.npy,val
241,728,500+,D:\PanoCrowdCount\data\dataset\images\241.jpg,D:\PanoCrowdCount\data\dataset\json\241.json,D:\PanoCrowdCount\data\dataset\density_maps\241.npy,val
242,71,50-99,D:\PanoCrowdCount\data\dataset\images\242.jpg,D:\PanoCrowdCount\data\dataset\json\242.json,D:\PanoCrowdCount\data\dataset\density_maps\242.npy,val
243,232,200-299,D:\PanoCrowdCount\data\dataset\images\243.jpg,D:\PanoCrowdCount\data\dataset\json\243.json,D:\PanoCrowdCount\data\dataset\density_maps\243.npy,train
244,1218,500+,D:\PanoCrowdCount\data\dataset\images\244.jpg,D:\PanoCrowdCount\data\dataset\json\244.json,D:\PanoCrowdCount\data\dataset\density_maps\244.npy,train
245,1237,500+,D:\PanoCrowdCount\data\dataset\images\245.jpg,D:\PanoCrowdCount\data\dataset\json\245.json,D:\PanoCrowdCount\data\dataset\density_maps\245.npy,val
246,64,50-99,D:\PanoCrowdCount\data\dataset\images\246.jpg,D:\PanoCrowdCount\data\dataset\json\246.json,D:\PanoCrowdCount\data\dataset\density_maps\246.npy,test
247,151,100-199,D:\PanoCrowdCount\data\dataset\images\247.jpg,D:\PanoCrowdCount\data\dataset\json\247.json,D:\PanoCrowdCount\data\dataset\density_maps\247.npy,train
248,116,100-199,D:\PanoCrowdCount\data\dataset\images\248.jpg,D:\PanoCrowdCount\data\dataset\json\248.json,D:\PanoCrowdCount\data\dataset\density_maps\248.npy,train
249,278,200-299,D:\PanoCrowdCount\data\dataset\images\249.jpg,D:\PanoCrowdCount\data\dataset\json\249.json,D:\PanoCrowdCount\data\dataset\density_maps\249.npy,train
25,61,50-99,D:\PanoCrowdCount\data\dataset\images\25.jpg,D:\PanoCrowdCount\data\dataset\json\25.json,D:\PanoCrowdCount\data\dataset\density_maps\25.npy,train
250,353,300-499,D:\PanoCrowdCount\data\dataset\images\250.jpg,D:\PanoCrowdCount\data\dataset\json\250.json,D:\PanoCrowdCount\data\dataset\density_maps\250.npy,train
251,41,0-49,D:\PanoCrowdCount\data\dataset\images\251.jpg,D:\PanoCrowdCount\data\dataset\json\251.json,D:\PanoCrowdCount\data\dataset\density_maps\251.npy,train
252,149,100-199,D:\PanoCrowdCount\data\dataset\images\252.jpg,D:\PanoCrowdCount\data\dataset\json\252.json,D:\PanoCrowdCount\data\dataset\density_maps\252.npy,val
253,38,0-49,D:\PanoCrowdCount\data\dataset\images\253.jpg,D:\PanoCrowdCount\data\dataset\json\253.json,D:\PanoCrowdCount\data\dataset\density_maps\253.npy,train
254,47,0-49,D:\PanoCrowdCount\data\dataset\images\254.jpg,D:\PanoCrowdCount\data\dataset\json\254.json,D:\PanoCrowdCount\data\dataset\density_maps\254.npy,train
255,183,100-199,D:\PanoCrowdCount\data\dataset\images\255.jpg,D:\PanoCrowdCount\data\dataset\json\255.json,D:\PanoCrowdCount\data\dataset\density_maps\255.npy,val
256,295,200-299,D:\PanoCrowdCount\data\dataset\images\256.jpg,D:\PanoCrowdCount\data\dataset\json\256.json,D:\PanoCrowdCount\data\dataset\density_maps\256.npy,train
257,114,100-199,D:\PanoCrowdCount\data\dataset\images\257.jpg,D:\PanoCrowdCount\data\dataset\json\257.json,D:\PanoCrowdCount\data\dataset\density_maps\257.npy,train
258,359,300-499,D:\PanoCrowdCount\data\dataset\images\258.jpg,D:\PanoCrowdCount\data\dataset\json\258.json,D:\PanoCrowdCount\data\dataset\density_maps\258.npy,val
259,281,200-299,D:\PanoCrowdCount\data\dataset\images\259.jpg,D:\PanoCrowdCount\data\dataset\json\259.json,D:\PanoCrowdCount\data\dataset\density_maps\259.npy,train
26,17,0-49,D:\PanoCrowdCount\data\dataset\images\26.jpg,D:\PanoCrowdCount\data\dataset\json\26.json,D:\PanoCrowdCount\data\dataset\density_maps\26.npy,train
260,357,300-499,D:\PanoCrowdCount\data\dataset\images\260.jpg,D:\PanoCrowdCount\data\dataset\json\260.json,D:\PanoCrowdCount\data\dataset\density_maps\260.npy,train
261,190,100-199,D:\PanoCrowdCount\data\dataset\images\261.jpg,D:\PanoCrowdCount\data\dataset\json\261.json,D:\PanoCrowdCount\data\dataset\density_maps\261.npy,train
262,38,0-49,D:\PanoCrowdCount\data\dataset\images\262.jpg,D:\PanoCrowdCount\data\dataset\json\262.json,D:\PanoCrowdCount\data\dataset\density_maps\262.npy,train
263,122,100-199,D:\PanoCrowdCount\data\dataset\images\263.jpg,D:\PanoCrowdCount\data\dataset\json\263.json,D:\PanoCrowdCount\data\dataset\density_maps\263.npy,train
264,215,200-299,D:\PanoCrowdCount\data\dataset\images\264.jpg,D:\PanoCrowdCount\data\dataset\json\264.json,D:\PanoCrowdCount\data\dataset\density_maps\264.npy,train
265,177,100-199,D:\PanoCrowdCount\data\dataset\images\265.jpg,D:\PanoCrowdCount\data\dataset\json\265.json,D:\PanoCrowdCount\data\dataset\density_maps\265.npy,train
266,110,100-199,D:\PanoCrowdCount\data\dataset\images\266.jpg,D:\PanoCrowdCount\data\dataset\json\266.json,D:\PanoCrowdCount\data\dataset\density_maps\266.npy,train
267,275,200-299,D:\PanoCrowdCount\data\dataset\images\267.jpg,D:\PanoCrowdCount\data\dataset\json\267.json,D:\PanoCrowdCount\data\dataset\density_maps\267.npy,train
268,74,50-99,D:\PanoCrowdCount\data\dataset\images\268.jpg,D:\PanoCrowdCount\data\dataset\json\268.json,D:\PanoCrowdCount\data\dataset\density_maps\268.npy,train
269,256,200-299,D:\PanoCrowdCount\data\dataset\images\269.jpg,D:\PanoCrowdCount\data\dataset\json\269.json,D:\PanoCrowdCount\data\dataset\density_maps\269.npy,train
27,67,50-99,D:\PanoCrowdCount\data\dataset\images\27.jpg,D:\PanoCrowdCount\data\dataset\json\27.json,D:\PanoCrowdCount\data\dataset\density_maps\27.npy,val
270,164,100-199,D:\PanoCrowdCount\data\dataset\images\270.jpg,D:\PanoCrowdCount\data\dataset\json\270.json,D:\PanoCrowdCount\data\dataset\density_maps\270.npy,train
271,25,0-49,D:\PanoCrowdCount\data\dataset\images\271.jpg,D:\PanoCrowdCount\data\dataset\json\271.json,D:\PanoCrowdCount\data\dataset\density_maps\271.npy,val
272,949,500+,D:\PanoCrowdCount\data\dataset\images\272.jpg,D:\PanoCrowdCount\data\dataset\json\272.json,D:\PanoCrowdCount\data\dataset\density_maps\272.npy,train
273,491,300-499,D:\PanoCrowdCount\data\dataset\images\273.jpg,D:\PanoCrowdCount\data\dataset\json\273.json,D:\PanoCrowdCount\data\dataset\density_maps\273.npy,val
274,72,50-99,D:\PanoCrowdCount\data\dataset\images\274.jpg,D:\PanoCrowdCount\data\dataset\json\274.json,D:\PanoCrowdCount\data\dataset\density_maps\274.npy,train
275,294,200-299,D:\PanoCrowdCount\data\dataset\images\275.jpg,D:\PanoCrowdCount\data\dataset\json\275.json,D:\PanoCrowdCount\data\dataset\density_maps\275.npy,train
276,120,100-199,D:\PanoCrowdCount\data\dataset\images\276.jpg,D:\PanoCrowdCount\data\dataset\json\276.json,D:\PanoCrowdCount\data\dataset\density_maps\276.npy,test
277,111,100-199,D:\PanoCrowdCount\data\dataset\images\277.jpg,D:\PanoCrowdCount\data\dataset\json\277.json,D:\PanoCrowdCount\data\dataset\density_maps\277.npy,train
278,101,100-199,D:\PanoCrowdCount\data\dataset\images\278.jpg,D:\PanoCrowdCount\data\dataset\json\278.json,D:\PanoCrowdCount\data\dataset\density_maps\278.npy,train
279,403,300-499,D:\PanoCrowdCount\data\dataset\images\279.jpg,D:\PanoCrowdCount\data\dataset\json\279.json,D:\PanoCrowdCount\data\dataset\density_maps\279.npy,train
28,334,300-499,D:\PanoCrowdCount\data\dataset\images\28.jpg,D:\PanoCrowdCount\data\dataset\json\28.json,D:\PanoCrowdCount\data\dataset\density_maps\28.npy,train
280,191,100-199,D:\PanoCrowdCount\data\dataset\images\280.jpg,D:\PanoCrowdCount\data\dataset\json\280.json,D:\PanoCrowdCount\data\dataset\density_maps\280.npy,train
281,121,100-199,D:\PanoCrowdCount\data\dataset\images\281.jpg,D:\PanoCrowdCount\data\dataset\json\281.json,D:\PanoCrowdCount\data\dataset\density_maps\281.npy,train
282,23,0-49,D:\PanoCrowdCount\data\dataset\images\282.jpg,D:\PanoCrowdCount\data\dataset\json\282.json,D:\PanoCrowdCount\data\dataset\density_maps\282.npy,train
283,553,500+,D:\PanoCrowdCount\data\dataset\images\283.jpg,D:\PanoCrowdCount\data\dataset\json\283.json,D:\PanoCrowdCount\data\dataset\density_maps\283.npy,test
284,38,0-49,D:\PanoCrowdCount\data\dataset\images\284.jpg,D:\PanoCrowdCount\data\dataset\json\284.json,D:\PanoCrowdCount\data\dataset\density_maps\284.npy,train
285,15,0-49,D:\PanoCrowdCount\data\dataset\images\285.jpg,D:\PanoCrowdCount\data\dataset\json\285.json,D:\PanoCrowdCount\data\dataset\density_maps\285.npy,val
286,306,300-499,D:\PanoCrowdCount\data\dataset\images\286.jpg,D:\PanoCrowdCount\data\dataset\json\286.json,D:\PanoCrowdCount\data\dataset\density_maps\286.npy,val
287,68,50-99,D:\PanoCrowdCount\data\dataset\images\287.jpg,D:\PanoCrowdCount\data\dataset\json\287.json,D:\PanoCrowdCount\data\dataset\density_maps\287.npy,train
288,1554,500+,D:\PanoCrowdCount\data\dataset\images\288.jpg,D:\PanoCrowdCount\data\dataset\json\288.json,D:\PanoCrowdCount\data\dataset\density_maps\288.npy,train
289,408,300-499,D:\PanoCrowdCount\data\dataset\images\289.jpg,D:\PanoCrowdCount\data\dataset\json\289.json,D:\PanoCrowdCount\data\dataset\density_maps\289.npy,train
29,68,50-99,D:\PanoCrowdCount\data\dataset\images\29.jpg,D:\PanoCrowdCount\data\dataset\json\29.json,D:\PanoCrowdCount\data\dataset\density_maps\29.npy,train
290,142,100-199,D:\PanoCrowdCount\data\dataset\images\290.jpg,D:\PanoCrowdCount\data\dataset\json\290.json,D:\PanoCrowdCount\data\dataset\density_maps\290.npy,train
291,674,500+,D:\PanoCrowdCount\data\dataset\images\291.jpg,D:\PanoCrowdCount\data\dataset\json\291.json,D:\PanoCrowdCount\data\dataset\density_maps\291.npy,val
292,219,200-299,D:\PanoCrowdCount\data\dataset\images\292.jpg,D:\PanoCrowdCount\data\dataset\json\292.json,D:\PanoCrowdCount\data\dataset\density_maps\292.npy,train
293,607,500+,D:\PanoCrowdCount\data\dataset\images\293.jpg,D:\PanoCrowdCount\data\dataset\json\293.json,D:\PanoCrowdCount\data\dataset\density_maps\293.npy,train
294,354,300-499,D:\PanoCrowdCount\data\dataset\images\294.jpg,D:\PanoCrowdCount\data\dataset\json\294.json,D:\PanoCrowdCount\data\dataset\density_maps\294.npy,train
295,26,0-49,D:\PanoCrowdCount\data\dataset\images\295.jpg,D:\PanoCrowdCount\data\dataset\json\295.json,D:\PanoCrowdCount\data\dataset\density_maps\295.npy,train
296,246,200-299,D:\PanoCrowdCount\data\dataset\images\296.jpg,D:\PanoCrowdCount\data\dataset\json\296.json,D:\PanoCrowdCount\data\dataset\density_maps\296.npy,train
297,889,500+,D:\PanoCrowdCount\data\dataset\images\297.jpg,D:\PanoCrowdCount\data\dataset\json\297.json,D:\PanoCrowdCount\data\dataset\density_maps\297.npy,train
298,248,200-299,D:\PanoCrowdCount\data\dataset\images\298.jpg,D:\PanoCrowdCount\data\dataset\json\298.json,D:\PanoCrowdCount\data\dataset\density_maps\298.npy,train
299,827,500+,D:\PanoCrowdCount\data\dataset\images\299.jpg,D:\PanoCrowdCount\data\dataset\json\299.json,D:\PanoCrowdCount\data\dataset\density_maps\299.npy,test
3,53,50-99,D:\PanoCrowdCount\data\dataset\images\3.jpg,D:\PanoCrowdCount\data\dataset\json\3.json,D:\PanoCrowdCount\data\dataset\density_maps\3.npy,train
30,51,50-99,D:\PanoCrowdCount\data\dataset\images\30.jpg,D:\PanoCrowdCount\data\dataset\json\30.json,D:\PanoCrowdCount\data\dataset\density_maps\30.npy,train
300,59,50-99,D:\PanoCrowdCount\data\dataset\images\300.jpg,D:\PanoCrowdCount\data\dataset\json\300.json,D:\PanoCrowdCount\data\dataset\density_maps\300.npy,train
301,55,50-99,D:\PanoCrowdCount\data\dataset\images\301.jpg,D:\PanoCrowdCount\data\dataset\json\301.json,D:\PanoCrowdCount\data\dataset\density_maps\301.npy,train
302,116,100-199,D:\PanoCrowdCount\data\dataset\images\302.jpg,D:\PanoCrowdCount\data\dataset\json\302.json,D:\PanoCrowdCount\data\dataset\density_maps\302.npy,train
303,354,300-499,D:\PanoCrowdCount\data\dataset\images\303.jpg,D:\PanoCrowdCount\data\dataset\json\303.json,D:\PanoCrowdCount\data\dataset\density_maps\303.npy,train
304,142,100-199,D:\PanoCrowdCount\data\dataset\images\304.jpg,D:\PanoCrowdCount\data\dataset\json\304.json,D:\PanoCrowdCount\data\dataset\density_maps\304.npy,val
305,56,50-99,D:\PanoCrowdCount\data\dataset\images\305.jpg,D:\PanoCrowdCount\data\dataset\json\305.json,D:\PanoCrowdCount\data\dataset\density_maps\305.npy,train
306,162,100-199,D:\PanoCrowdCount\data\dataset\images\306.jpg,D:\PanoCrowdCount\data\dataset\json\306.json,D:\PanoCrowdCount\data\dataset\density_maps\306.npy,train
307,71,50-99,D:\PanoCrowdCount\data\dataset\images\307.jpg,D:\PanoCrowdCount\data\dataset\json\307.json,D:\PanoCrowdCount\data\dataset\density_maps\307.npy,val
308,202,200-299,D:\PanoCrowdCount\data\dataset\images\308.jpg,D:\PanoCrowdCount\data\dataset\json\308.json,D:\PanoCrowdCount\data\dataset\density_maps\308.npy,train
309,98,50-99,D:\PanoCrowdCount\data\dataset\images\309.jpg,D:\PanoCrowdCount\data\dataset\json\309.json,D:\PanoCrowdCount\data\dataset\density_maps\309.npy,train
31,454,300-499,D:\PanoCrowdCount\data\dataset\images\31.jpg,D:\PanoCrowdCount\data\dataset\json\31.json,D:\PanoCrowdCount\data\dataset\density_maps\31.npy,train
310,365,300-499,D:\PanoCrowdCount\data\dataset\images\310.jpg,D:\PanoCrowdCount\data\dataset\json\310.json,D:\PanoCrowdCount\data\dataset\density_maps\310.npy,val
311,135,100-199,D:\PanoCrowdCount\data\dataset\images\311.jpg,D:\PanoCrowdCount\data\dataset\json\311.json,D:\PanoCrowdCount\data\dataset\density_maps\311.npy,train
312,68,50-99,D:\PanoCrowdCount\data\dataset\images\312.jpg,D:\PanoCrowdCount\data\dataset\json\312.json,D:\PanoCrowdCount\data\dataset\density_maps\312.npy,train
313,287,200-299,D:\PanoCrowdCount\data\dataset\images\313.jpg,D:\PanoCrowdCount\data\dataset\json\313.json,D:\PanoCrowdCount\data\dataset\density_maps\313.npy,train
314,297,200-299,D:\PanoCrowdCount\data\dataset\images\314.jpg,D:\PanoCrowdCount\data\dataset\json\314.json,D:\PanoCrowdCount\data\dataset\density_maps\314.npy,train
315,181,100-199,D:\PanoCrowdCount\data\dataset\images\315.jpg,D:\PanoCrowdCount\data\dataset\json\315.json,D:\PanoCrowdCount\data\dataset\density_maps\315.npy,train
316,56,50-99,D:\PanoCrowdCount\data\dataset\images\316.jpg,D:\PanoCrowdCount\data\dataset\json\316.json,D:\PanoCrowdCount\data\dataset\density_maps\316.npy,train
317,294,200-299,D:\PanoCrowdCount\data\dataset\images\317.jpg,D:\PanoCrowdCount\data\dataset\json\317.json,D:\PanoCrowdCount\data\dataset\density_maps\317.npy,train
318,95,50-99,D:\PanoCrowdCount\data\dataset\images\318.jpg,D:\PanoCrowdCount\data\dataset\json\318.json,D:\PanoCrowdCount\data\dataset\density_maps\318.npy,train
319,56,50-99,D:\PanoCrowdCount\data\dataset\images\319.jpg,D:\PanoCrowdCount\data\dataset\json\319.json,D:\PanoCrowdCount\data\dataset\density_maps\319.npy,train
32,60,50-99,D:\PanoCrowdCount\data\dataset\images\32.jpg,D:\PanoCrowdCount\data\dataset\json\32.json,D:\PanoCrowdCount\data\dataset\density_maps\32.npy,val
320,45,0-49,D:\PanoCrowdCount\data\dataset\images\320.jpg,D:\PanoCrowdCount\data\dataset\json\320.json,D:\PanoCrowdCount\data\dataset\density_maps\320.npy,train
321,76,50-99,D:\PanoCrowdCount\data\dataset\images\321.jpg,D:\PanoCrowdCount\data\dataset\json\321.json,D:\PanoCrowdCount\data\dataset\density_maps\321.npy,train
322,15,0-49,D:\PanoCrowdCount\data\dataset\images\322.jpg,D:\PanoCrowdCount\data\dataset\json\322.json,D:\PanoCrowdCount\data\dataset\density_maps\322.npy,train
323,57,50-99,D:\PanoCrowdCount\data\dataset\images\323.jpg,D:\PanoCrowdCount\data\dataset\json\323.json,D:\PanoCrowdCount\data\dataset\density_maps\323.npy,val
324,80,50-99,D:\PanoCrowdCount\data\dataset\images\324.jpg,D:\PanoCrowdCount\data\dataset\json\324.json,D:\PanoCrowdCount\data\dataset\density_maps\324.npy,test
325,180,100-199,D:\PanoCrowdCount\data\dataset\images\325.jpg,D:\PanoCrowdCount\data\dataset\json\325.json,D:\PanoCrowdCount\data\dataset\density_maps\325.npy,train
326,216,200-299,D:\PanoCrowdCount\data\dataset\images\326.jpg,D:\PanoCrowdCount\data\dataset\json\326.json,D:\PanoCrowdCount\data\dataset\density_maps\326.npy,train
327,77,50-99,D:\PanoCrowdCount\data\dataset\images\327.jpg,D:\PanoCrowdCount\data\dataset\json\327.json,D:\PanoCrowdCount\data\dataset\density_maps\327.npy,train
328,170,100-199,D:\PanoCrowdCount\data\dataset\images\328.jpg,D:\PanoCrowdCount\data\dataset\json\328.json,D:\PanoCrowdCount\data\dataset\density_maps\328.npy,train
329,17,0-49,D:\PanoCrowdCount\data\dataset\images\329.jpg,D:\PanoCrowdCount\data\dataset\json\329.json,D:\PanoCrowdCount\data\dataset\density_maps\329.npy,train
33,79,50-99,D:\PanoCrowdCount\data\dataset\images\33.jpg,D:\PanoCrowdCount\data\dataset\json\33.json,D:\PanoCrowdCount\data\dataset\density_maps\33.npy,train
330,203,200-299,D:\PanoCrowdCount\data\dataset\images\330.jpg,D:\PanoCrowdCount\data\dataset\json\330.json,D:\PanoCrowdCount\data\dataset\density_maps\330.npy,train
331,112,100-199,D:\PanoCrowdCount\data\dataset\images\331.jpg,D:\PanoCrowdCount\data\dataset\json\331.json,D:\PanoCrowdCount\data\dataset\density_maps\331.npy,train
332,54,50-99,D:\PanoCrowdCount\data\dataset\images\332.jpg,D:\PanoCrowdCount\data\dataset\json\332.json,D:\PanoCrowdCount\data\dataset\density_maps\332.npy,test
333,74,50-99,D:\PanoCrowdCount\data\dataset\images\333.jpg,D:\PanoCrowdCount\data\dataset\json\333.json,D:\PanoCrowdCount\data\dataset\density_maps\333.npy,test
334,81,50-99,D:\PanoCrowdCount\data\dataset\images\334.jpg,D:\PanoCrowdCount\data\dataset\json\334.json,D:\PanoCrowdCount\data\dataset\density_maps\334.npy,train
335,133,100-199,D:\PanoCrowdCount\data\dataset\images\335.jpg,D:\PanoCrowdCount\data\dataset\json\335.json,D:\PanoCrowdCount\data\dataset\density_maps\335.npy,train
336,68,50-99,D:\PanoCrowdCount\data\dataset\images\336.jpg,D:\PanoCrowdCount\data\dataset\json\336.json,D:\PanoCrowdCount\data\dataset\density_maps\336.npy,val
337,19,0-49,D:\PanoCrowdCount\data\dataset\images\337.jpg,D:\PanoCrowdCount\data\dataset\json\337.json,D:\PanoCrowdCount\data\dataset\density_maps\337.npy,train
338,107,100-199,D:\PanoCrowdCount\data\dataset\images\338.jpg,D:\PanoCrowdCount\data\dataset\json\338.json,D:\PanoCrowdCount\data\dataset\density_maps\338.npy,train
339,11,0-49,D:\PanoCrowdCount\data\dataset\images\339.jpg,D:\PanoCrowdCount\data\dataset\json\339.json,D:\PanoCrowdCount\data\dataset\density_maps\339.npy,train
34,72,50-99,D:\PanoCrowdCount\data\dataset\images\34.jpg,D:\PanoCrowdCount\data\dataset\json\34.json,D:\PanoCrowdCount\data\dataset\density_maps\34.npy,test
340,74,50-99,D:\PanoCrowdCount\data\dataset\images\340.jpg,D:\PanoCrowdCount\data\dataset\json\340.json,D:\PanoCrowdCount\data\dataset\density_maps\340.npy,test
341,389,300-499,D:\PanoCrowdCount\data\dataset\images\341.jpg,D:\PanoCrowdCount\data\dataset\json\341.json,D:\PanoCrowdCount\data\dataset\density_maps\341.npy,train
342,60,50-99,D:\PanoCrowdCount\data\dataset\images\342.jpg,D:\PanoCrowdCount\data\dataset\json\342.json,D:\PanoCrowdCount\data\dataset\density_maps\342.npy,train
343,162,100-199,D:\PanoCrowdCount\data\dataset\images\343.jpg,D:\PanoCrowdCount\data\dataset\json\343.json,D:\PanoCrowdCount\data\dataset\density_maps\343.npy,train
344,151,100-199,D:\PanoCrowdCount\data\dataset\images\344.jpg,D:\PanoCrowdCount\data\dataset\json\344.json,D:\PanoCrowdCount\data\dataset\density_maps\344.npy,train
345,120,100-199,D:\PanoCrowdCount\data\dataset\images\345.jpg,D:\PanoCrowdCount\data\dataset\json\345.json,D:\PanoCrowdCount\data\dataset\density_maps\345.npy,train
346,29,0-49,D:\PanoCrowdCount\data\dataset\images\346.jpg,D:\PanoCrowdCount\data\dataset\json\346.json,D:\PanoCrowdCount\data\dataset\density_maps\346.npy,train
347,160,100-199,D:\PanoCrowdCount\data\dataset\images\347.jpg,D:\PanoCrowdCount\data\dataset\json\347.json,D:\PanoCrowdCount\data\dataset\density_maps\347.npy,train
348,278,200-299,D:\PanoCrowdCount\data\dataset\images\348.jpg,D:\PanoCrowdCount\data\dataset\json\348.json,D:\PanoCrowdCount\data\dataset\density_maps\348.npy,val
349,59,50-99,D:\PanoCrowdCount\data\dataset\images\349.jpg,D:\PanoCrowdCount\data\dataset\json\349.json,D:\PanoCrowdCount\data\dataset\density_maps\349.npy,val
35,89,50-99,D:\PanoCrowdCount\data\dataset\images\35.jpg,D:\PanoCrowdCount\data\dataset\json\35.json,D:\PanoCrowdCount\data\dataset\density_maps\35.npy,train
350,158,100-199,D:\PanoCrowdCount\data\dataset\images\350.jpg,D:\PanoCrowdCount\data\dataset\json\350.json,D:\PanoCrowdCount\data\dataset\density_maps\350.npy,train
351,110,100-199,D:\PanoCrowdCount\data\dataset\images\351.jpg,D:\PanoCrowdCount\data\dataset\json\351.json,D:\PanoCrowdCount\data\dataset\density_maps\351.npy,train
352,157,100-199,D:\PanoCrowdCount\data\dataset\images\352.jpg,D:\PanoCrowdCount\data\dataset\json\352.json,D:\PanoCrowdCount\data\dataset\density_maps\352.npy,train
353,324,300-499,D:\PanoCrowdCount\data\dataset\images\353.jpg,D:\PanoCrowdCount\data\dataset\json\353.json,D:\PanoCrowdCount\data\dataset\density_maps\353.npy,val
354,152,100-199,D:\PanoCrowdCount\data\dataset\images\354.jpg,D:\PanoCrowdCount\data\dataset\json\354.json,D:\PanoCrowdCount\data\dataset\density_maps\354.npy,train
355,119,100-199,D:\PanoCrowdCount\data\dataset\images\355.jpg,D:\PanoCrowdCount\data\dataset\json\355.json,D:\PanoCrowdCount\data\dataset\density_maps\355.npy,train
356,56,50-99,D:\PanoCrowdCount\data\dataset\images\356.jpg,D:\PanoCrowdCount\data\dataset\json\356.json,D:\PanoCrowdCount\data\dataset\density_maps\356.npy,train
357,157,100-199,D:\PanoCrowdCount\data\dataset\images\357.jpg,D:\PanoCrowdCount\data\dataset\json\357.json,D:\PanoCrowdCount\data\dataset\density_maps\357.npy,test
358,310,300-499,D:\PanoCrowdCount\data\dataset\images\358.jpg,D:\PanoCrowdCount\data\dataset\json\358.json,D:\PanoCrowdCount\data\dataset\density_maps\358.npy,train
359,45,0-49,D:\PanoCrowdCount\data\dataset\images\359.jpg,D:\PanoCrowdCount\data\dataset\json\359.json,D:\PanoCrowdCount\data\dataset\density_maps\359.npy,train
36,223,200-299,D:\PanoCrowdCount\data\dataset\images\36.jpg,D:\PanoCrowdCount\data\dataset\json\36.json,D:\PanoCrowdCount\data\dataset\density_maps\36.npy,train
360,50,50-99,D:\PanoCrowdCount\data\dataset\images\360.jpg,D:\PanoCrowdCount\data\dataset\json\360.json,D:\PanoCrowdCount\data\dataset\density_maps\360.npy,train
361,65,50-99,D:\PanoCrowdCount\data\dataset\images\361.jpg,D:\PanoCrowdCount\data\dataset\json\361.json,D:\PanoCrowdCount\data\dataset\density_maps\361.npy,train
362,131,100-199,D:\PanoCrowdCount\data\dataset\images\362.jpg,D:\PanoCrowdCount\data\dataset\json\362.json,D:\PanoCrowdCount\data\dataset\density_maps\362.npy,train
363,10,0-49,D:\PanoCrowdCount\data\dataset\images\363.jpg,D:\PanoCrowdCount\data\dataset\json\363.json,D:\PanoCrowdCount\data\dataset\density_maps\363.npy,train
364,153,100-199,D:\PanoCrowdCount\data\dataset\images\364.jpg,D:\PanoCrowdCount\data\dataset\json\364.json,D:\PanoCrowdCount\data\dataset\density_maps\364.npy,test
365,48,0-49,D:\PanoCrowdCount\data\dataset\images\365.jpg,D:\PanoCrowdCount\data\dataset\json\365.json,D:\PanoCrowdCount\data\dataset\density_maps\365.npy,train
366,217,200-299,D:\PanoCrowdCount\data\dataset\images\366.jpg,D:\PanoCrowdCount\data\dataset\json\366.json,D:\PanoCrowdCount\data\dataset\density_maps\366.npy,train
367,135,100-199,D:\PanoCrowdCount\data\dataset\images\367.jpg,D:\PanoCrowdCount\data\dataset\json\367.json,D:\PanoCrowdCount\data\dataset\density_maps\367.npy,train
368,153,100-199,D:\PanoCrowdCount\data\dataset\images\368.jpg,D:\PanoCrowdCount\data\dataset\json\368.json,D:\PanoCrowdCount\data\dataset\density_maps\368.npy,test
369,34,0-49,D:\PanoCrowdCount\data\dataset\images\369.jpg,D:\PanoCrowdCount\data\dataset\json\369.json,D:\PanoCrowdCount\data\dataset\density_maps\369.npy,val
37,56,50-99,D:\PanoCrowdCount\data\dataset\images\37.jpg,D:\PanoCrowdCount\data\dataset\json\37.json,D:\PanoCrowdCount\data\dataset\density_maps\37.npy,train
370,116,100-199,D:\PanoCrowdCount\data\dataset\images\370.jpg,D:\PanoCrowdCount\data\dataset\json\370.json,D:\PanoCrowdCount\data\dataset\density_maps\370.npy,train
371,90,50-99,D:\PanoCrowdCount\data\dataset\images\371.jpg,D:\PanoCrowdCount\data\dataset\json\371.json,D:\PanoCrowdCount\data\dataset\density_maps\371.npy,test
372,100,100-199,D:\PanoCrowdCount\data\dataset\images\372.jpg,D:\PanoCrowdCount\data\dataset\json\372.json,D:\PanoCrowdCount\data\dataset\density_maps\372.npy,val
373,147,100-199,D:\PanoCrowdCount\data\dataset\images\373.jpg,D:\PanoCrowdCount\data\dataset\json\373.json,D:\PanoCrowdCount\data\dataset\density_maps\373.npy,train
374,114,100-199,D:\PanoCrowdCount\data\dataset\images\374.jpg,D:\PanoCrowdCount\data\dataset\json\374.json,D:\PanoCrowdCount\data\dataset\density_maps\374.npy,train
375,113,100-199,D:\PanoCrowdCount\data\dataset\images\375.jpg,D:\PanoCrowdCount\data\dataset\json\375.json,D:\PanoCrowdCount\data\dataset\density_maps\375.npy,train
376,101,100-199,D:\PanoCrowdCount\data\dataset\images\376.jpg,D:\PanoCrowdCount\data\dataset\json\376.json,D:\PanoCrowdCount\data\dataset\density_maps\376.npy,train
377,47,0-49,D:\PanoCrowdCount\data\dataset\images\377.jpg,D:\PanoCrowdCount\data\dataset\json\377.json,D:\PanoCrowdCount\data\dataset\density_maps\377.npy,val
378,32,0-49,D:\PanoCrowdCount\data\dataset\images\378.jpg,D:\PanoCrowdCount\data\dataset\json\378.json,D:\PanoCrowdCount\data\dataset\density_maps\378.npy,val
379,46,0-49,D:\PanoCrowdCount\data\dataset\images\379.jpg,D:\PanoCrowdCount\data\dataset\json\379.json,D:\PanoCrowdCount\data\dataset\density_maps\379.npy,train
38,299,200-299,D:\PanoCrowdCount\data\dataset\images\38.jpg,D:\PanoCrowdCount\data\dataset\json\38.json,D:\PanoCrowdCount\data\dataset\density_maps\38.npy,val
380,182,100-199,D:\PanoCrowdCount\data\dataset\images\380.jpg,D:\PanoCrowdCount\data\dataset\json\380.json,D:\PanoCrowdCount\data\dataset\density_maps\380.npy,val
381,143,100-199,D:\PanoCrowdCount\data\dataset\images\381.jpg,D:\PanoCrowdCount\data\dataset\json\381.json,D:\PanoCrowdCount\data\dataset\density_maps\381.npy,train
382,31,0-49,D:\PanoCrowdCount\data\dataset\images\382.jpg,D:\PanoCrowdCount\data\dataset\json\382.json,D:\PanoCrowdCount\data\dataset\density_maps\382.npy,val
383,151,100-199,D:\PanoCrowdCount\data\dataset\images\383.jpg,D:\PanoCrowdCount\data\dataset\json\383.json,D:\PanoCrowdCount\data\dataset\density_maps\383.npy,train
384,85,50-99,D:\PanoCrowdCount\data\dataset\images\384.jpg,D:\PanoCrowdCount\data\dataset\json\384.json,D:\PanoCrowdCount\data\dataset\density_maps\384.npy,val
385,120,100-199,D:\PanoCrowdCount\data\dataset\images\385.jpg,D:\PanoCrowdCount\data\dataset\json\385.json,D:\PanoCrowdCount\data\dataset\density_maps\385.npy,train
386,22,0-49,D:\PanoCrowdCount\data\dataset\images\386.jpg,D:\PanoCrowdCount\data\dataset\json\386.json,D:\PanoCrowdCount\data\dataset\density_maps\386.npy,train
387,89,50-99,D:\PanoCrowdCount\data\dataset\images\387.jpg,D:\PanoCrowdCount\data\dataset\json\387.json,D:\PanoCrowdCount\data\dataset\density_maps\387.npy,train
388,400,300-499,D:\PanoCrowdCount\data\dataset\images\388.jpg,D:\PanoCrowdCount\data\dataset\json\388.json,D:\PanoCrowdCount\data\dataset\density_maps\388.npy,train
389,11,0-49,D:\PanoCrowdCount\data\dataset\images\389.jpg,D:\PanoCrowdCount\data\dataset\json\389.json,D:\PanoCrowdCount\data\dataset\density_maps\389.npy,test
39,806,500+,D:\PanoCrowdCount\data\dataset\images\39.jpg,D:\PanoCrowdCount\data\dataset\json\39.json,D:\PanoCrowdCount\data\dataset\density_maps\39.npy,train
390,13,0-49,D:\PanoCrowdCount\data\dataset\images\390.jpg,D:\PanoCrowdCount\data\dataset\json\390.json,D:\PanoCrowdCount\data\dataset\density_maps\390.npy,train
391,66,50-99,D:\PanoCrowdCount\data\dataset\images\391.jpg,D:\PanoCrowdCount\data\dataset\json\391.json,D:\PanoCrowdCount\data\dataset\density_maps\391.npy,train
392,340,300-499,D:\PanoCrowdCount\data\dataset\images\392.jpg,D:\PanoCrowdCount\data\dataset\json\392.json,D:\PanoCrowdCount\data\dataset\density_maps\392.npy,train
393,54,50-99,D:\PanoCrowdCount\data\dataset\images\393.jpg,D:\PanoCrowdCount\data\dataset\json\393.json,D:\PanoCrowdCount\data\dataset\density_maps\393.npy,val
394,264,200-299,D:\PanoCrowdCount\data\dataset\images\394.jpg,D:\PanoCrowdCount\data\dataset\json\394.json,D:\PanoCrowdCount\data\dataset\density_maps\394.npy,val
395,57,50-99,D:\PanoCrowdCount\data\dataset\images\395.jpg,D:\PanoCrowdCount\data\dataset\json\395.json,D:\PanoCrowdCount\data\dataset\density_maps\395.npy,train
396,203,200-299,D:\PanoCrowdCount\data\dataset\images\396.jpg,D:\PanoCrowdCount\data\dataset\json\396.json,D:\PanoCrowdCount\data\dataset\density_maps\396.npy,train
397,181,100-199,D:\PanoCrowdCount\data\dataset\images\397.jpg,D:\PanoCrowdCount\data\dataset\json\397.json,D:\PanoCrowdCount\data\dataset\density_maps\397.npy,train
398,117,100-199,D:\PanoCrowdCount\data\dataset\images\398.jpg,D:\PanoCrowdCount\data\dataset\json\398.json,D:\PanoCrowdCount\data\dataset\density_maps\398.npy,test
399,20,0-49,D:\PanoCrowdCount\data\dataset\images\399.jpg,D:\PanoCrowdCount\data\dataset\json\399.json,D:\PanoCrowdCount\data\dataset\density_maps\399.npy,train
4,98,50-99,D:\PanoCrowdCount\data\dataset\images\4.jpg,D:\PanoCrowdCount\data\dataset\json\4.json,D:\PanoCrowdCount\data\dataset\density_maps\4.npy,train
40,86,50-99,D:\PanoCrowdCount\data\dataset\images\40.jpg,D:\PanoCrowdCount\data\dataset\json\40.json,D:\PanoCrowdCount\data\dataset\density_maps\40.npy,test
400,33,0-49,D:\PanoCrowdCount\data\dataset\images\400.jpg,D:\PanoCrowdCount\data\dataset\json\400.json,D:\PanoCrowdCount\data\dataset\density_maps\400.npy,test
401,16,0-49,D:\PanoCrowdCount\data\dataset\images\401.jpg,D:\PanoCrowdCount\data\dataset\json\401.json,D:\PanoCrowdCount\data\dataset\density_maps\401.npy,test
402,187,100-199,D:\PanoCrowdCount\data\dataset\images\402.jpg,D:\PanoCrowdCount\data\dataset\json\402.json,D:\PanoCrowdCount\data\dataset\density_maps\402.npy,train
403,184,100-199,D:\PanoCrowdCount\data\dataset\images\403.jpg,D:\PanoCrowdCount\data\dataset\json\403.json,D:\PanoCrowdCount\data\dataset\density_maps\403.npy,val
404,15,0-49,D:\PanoCrowdCount\data\dataset\images\404.jpg,D:\PanoCrowdCount\data\dataset\json\404.json,D:\PanoCrowdCount\data\dataset\density_maps\404.npy,val
405,42,0-49,D:\PanoCrowdCount\data\dataset\images\405.jpg,D:\PanoCrowdCount\data\dataset\json\405.json,D:\PanoCrowdCount\data\dataset\density_maps\405.npy,train
406,73,50-99,D:\PanoCrowdCount\data\dataset\images\406.jpg,D:\PanoCrowdCount\data\dataset\json\406.json,D:\PanoCrowdCount\data\dataset\density_maps\406.npy,train
407,101,100-199,D:\PanoCrowdCount\data\dataset\images\407.jpg,D:\PanoCrowdCount\data\dataset\json\407.json,D:\PanoCrowdCount\data\dataset\density_maps\407.npy,val
408,217,200-299,D:\PanoCrowdCount\data\dataset\images\408.jpg,D:\PanoCrowdCount\data\dataset\json\408.json,D:\PanoCrowdCount\data\dataset\density_maps\408.npy,train
409,126,100-199,D:\PanoCrowdCount\data\dataset\images\409.jpg,D:\PanoCrowdCount\data\dataset\json\409.json,D:\PanoCrowdCount\data\dataset\density_maps\409.npy,test
41,7,0-49,D:\PanoCrowdCount\data\dataset\images\41.jpg,D:\PanoCrowdCount\data\dataset\json\41.json,D:\PanoCrowdCount\data\dataset\density_maps\41.npy,train
410,29,0-49,D:\PanoCrowdCount\data\dataset\images\410.jpg,D:\PanoCrowdCount\data\dataset\json\410.json,D:\PanoCrowdCount\data\dataset\density_maps\410.npy,train
411,349,300-499,D:\PanoCrowdCount\data\dataset\images\411.jpg,D:\PanoCrowdCount\data\dataset\json\411.json,D:\PanoCrowdCount\data\dataset\density_maps\411.npy,train
412,120,100-199,D:\PanoCrowdCount\data\dataset\images\412.jpg,D:\PanoCrowdCount\data\dataset\json\412.json,D:\PanoCrowdCount\data\dataset\density_maps\412.npy,train
413,150,100-199,D:\PanoCrowdCount\data\dataset\images\413.jpg,D:\PanoCrowdCount\data\dataset\json\413.json,D:\PanoCrowdCount\data\dataset\density_maps\413.npy,train
414,546,500+,D:\PanoCrowdCount\data\dataset\images\414.jpg,D:\PanoCrowdCount\data\dataset\json\414.json,D:\PanoCrowdCount\data\dataset\density_maps\414.npy,train
415,48,0-49,D:\PanoCrowdCount\data\dataset\images\415.jpg,D:\PanoCrowdCount\data\dataset\json\415.json,D:\PanoCrowdCount\data\dataset\density_maps\415.npy,val
416,252,200-299,D:\PanoCrowdCount\data\dataset\images\416.jpg,D:\PanoCrowdCount\data\dataset\json\416.json,D:\PanoCrowdCount\data\dataset\density_maps\416.npy,train
417,95,50-99,D:\PanoCrowdCount\data\dataset\images\417.jpg,D:\PanoCrowdCount\data\dataset\json\417.json,D:\PanoCrowdCount\data\dataset\density_maps\417.npy,train
418,78,50-99,D:\PanoCrowdCount\data\dataset\images\418.jpg,D:\PanoCrowdCount\data\dataset\json\418.json,D:\PanoCrowdCount\data\dataset\density_maps\418.npy,train
419,266,200-299,D:\PanoCrowdCount\data\dataset\images\419.jpg,D:\PanoCrowdCount\data\dataset\json\419.json,D:\PanoCrowdCount\data\dataset\density_maps\419.npy,test
42,72,50-99,D:\PanoCrowdCount\data\dataset\images\42.jpg,D:\PanoCrowdCount\data\dataset\json\42.json,D:\PanoCrowdCount\data\dataset\density_maps\42.npy,train
420,281,200-299,D:\PanoCrowdCount\data\dataset\images\420.jpg,D:\PanoCrowdCount\data\dataset\json\420.json,D:\PanoCrowdCount\data\dataset\density_maps\420.npy,train
421,17,0-49,D:\PanoCrowdCount\data\dataset\images\421.jpg,D:\PanoCrowdCount\data\dataset\json\421.json,D:\PanoCrowdCount\data\dataset\density_maps\421.npy,train
422,264,200-299,D:\PanoCrowdCount\data\dataset\images\422.jpg,D:\PanoCrowdCount\data\dataset\json\422.json,D:\PanoCrowdCount\data\dataset\density_maps\422.npy,val
423,103,100-199,D:\PanoCrowdCount\data\dataset\images\423.jpg,D:\PanoCrowdCount\data\dataset\json\423.json,D:\PanoCrowdCount\data\dataset\density_maps\423.npy,val
424,81,50-99,D:\PanoCrowdCount\data\dataset\images\424.jpg,D:\PanoCrowdCount\data\dataset\json\424.json,D:\PanoCrowdCount\data\dataset\density_maps\424.npy,val
425,185,100-199,D:\PanoCrowdCount\data\dataset\images\425.jpg,D:\PanoCrowdCount\data\dataset\json\425.json,D:\PanoCrowdCount\data\dataset\density_maps\425.npy,val
426,118,100-199,D:\PanoCrowdCount\data\dataset\images\426.jpg,D:\PanoCrowdCount\data\dataset\json\426.json,D:\PanoCrowdCount\data\dataset\density_maps\426.npy,train
427,118,100-199,D:\PanoCrowdCount\data\dataset\images\427.jpg,D:\PanoCrowdCount\data\dataset\json\427.json,D:\PanoCrowdCount\data\dataset\density_maps\427.npy,train
428,49,0-49,D:\PanoCrowdCount\data\dataset\images\428.jpg,D:\PanoCrowdCount\data\dataset\json\428.json,D:\PanoCrowdCount\data\dataset\density_maps\428.npy,train
429,106,100-199,D:\PanoCrowdCount\data\dataset\images\429.jpg,D:\PanoCrowdCount\data\dataset\json\429.json,D:\PanoCrowdCount\data\dataset\density_maps\429.npy,val
43,72,50-99,D:\PanoCrowdCount\data\dataset\images\43.jpg,D:\PanoCrowdCount\data\dataset\json\43.json,D:\PanoCrowdCount\data\dataset\density_maps\43.npy,train
430,103,100-199,D:\PanoCrowdCount\data\dataset\images\430.jpg,D:\PanoCrowdCount\data\dataset\json\430.json,D:\PanoCrowdCount\data\dataset\density_maps\430.npy,train
431,117,100-199,D:\PanoCrowdCount\data\dataset\images\431.jpg,D:\PanoCrowdCount\data\dataset\json\431.json,D:\PanoCrowdCount\data\dataset\density_maps\431.npy,train
432,244,200-299,D:\PanoCrowdCount\data\dataset\images\432.jpg,D:\PanoCrowdCount\data\dataset\json\432.json,D:\PanoCrowdCount\data\dataset\density_maps\432.npy,train
433,324,300-499,D:\PanoCrowdCount\data\dataset\images\433.jpg,D:\PanoCrowdCount\data\dataset\json\433.json,D:\PanoCrowdCount\data\dataset\density_maps\433.npy,train
434,102,100-199,D:\PanoCrowdCount\data\dataset\images\434.jpg,D:\PanoCrowdCount\data\dataset\json\434.json,D:\PanoCrowdCount\data\dataset\density_maps\434.npy,train
435,205,200-299,D:\PanoCrowdCount\data\dataset\images\435.jpg,D:\PanoCrowdCount\data\dataset\json\435.json,D:\PanoCrowdCount\data\dataset\density_maps\435.npy,val
436,114,100-199,D:\PanoCrowdCount\data\dataset\images\436.jpg,D:\PanoCrowdCount\data\dataset\json\436.json,D:\PanoCrowdCount\data\dataset\density_maps\436.npy,test
437,88,50-99,D:\PanoCrowdCount\data\dataset\images\437.jpg,D:\PanoCrowdCount\data\dataset\json\437.json,D:\PanoCrowdCount\data\dataset\density_maps\437.npy,train
438,17,0-49,D:\PanoCrowdCount\data\dataset\images\438.jpg,D:\PanoCrowdCount\data\dataset\json\438.json,D:\PanoCrowdCount\data\dataset\density_maps\438.npy,train
439,237,200-299,D:\PanoCrowdCount\data\dataset\images\439.jpg,D:\PanoCrowdCount\data\dataset\json\439.json,D:\PanoCrowdCount\data\dataset\density_maps\439.npy,val
44,223,200-299,D:\PanoCrowdCount\data\dataset\images\44.jpg,D:\PanoCrowdCount\data\dataset\json\44.json,D:\PanoCrowdCount\data\dataset\density_maps\44.npy,train
440,179,100-199,D:\PanoCrowdCount\data\dataset\images\440.jpg,D:\PanoCrowdCount\data\dataset\json\440.json,D:\PanoCrowdCount\data\dataset\density_maps\440.npy,train
441,13,0-49,D:\PanoCrowdCount\data\dataset\images\441.jpg,D:\PanoCrowdCount\data\dataset\json\441.json,D:\PanoCrowdCount\data\dataset\density_maps\441.npy,train
442,222,200-299,D:\PanoCrowdCount\data\dataset\images\442.jpg,D:\PanoCrowdCount\data\dataset\json\442.json,D:\PanoCrowdCount\data\dataset\density_maps\442.npy,train
443,48,0-49,D:\PanoCrowdCount\data\dataset\images\443.jpg,D:\PanoCrowdCount\data\dataset\json\443.json,D:\PanoCrowdCount\data\dataset\density_maps\443.npy,train
444,126,100-199,D:\PanoCrowdCount\data\dataset\images\444.jpg,D:\PanoCrowdCount\data\dataset\json\444.json,D:\PanoCrowdCount\data\dataset\density_maps\444.npy,train
445,43,0-49,D:\PanoCrowdCount\data\dataset\images\445.jpg,D:\PanoCrowdCount\data\dataset\json\445.json,D:\PanoCrowdCount\data\dataset\density_maps\445.npy,train
446,17,0-49,D:\PanoCrowdCount\data\dataset\images\446.jpg,D:\PanoCrowdCount\data\dataset\json\446.json,D:\PanoCrowdCount\data\dataset\density_maps\446.npy,train
447,57,50-99,D:\PanoCrowdCount\data\dataset\images\447.jpg,D:\PanoCrowdCount\data\dataset\json\447.json,D:\PanoCrowdCount\data\dataset\density_maps\447.npy,val
448,15,0-49,D:\PanoCrowdCount\data\dataset\images\448.jpg,D:\PanoCrowdCount\data\dataset\json\448.json,D:\PanoCrowdCount\data\dataset\density_maps\448.npy,val
449,101,100-199,D:\PanoCrowdCount\data\dataset\images\449.jpg,D:\PanoCrowdCount\data\dataset\json\449.json,D:\PanoCrowdCount\data\dataset\density_maps\449.npy,train
45,10,0-49,D:\PanoCrowdCount\data\dataset\images\45.jpg,D:\PanoCrowdCount\data\dataset\json\45.json,D:\PanoCrowdCount\data\dataset\density_maps\45.npy,val
450,27,0-49,D:\PanoCrowdCount\data\dataset\images\450.jpg,D:\PanoCrowdCount\data\dataset\json\450.json,D:\PanoCrowdCount\data\dataset\density_maps\450.npy,train
451,565,500+,D:\PanoCrowdCount\data\dataset\images\451.jpg,D:\PanoCrowdCount\data\dataset\json\451.json,D:\PanoCrowdCount\data\dataset\density_maps\451.npy,train
452,2682,500+,D:\PanoCrowdCount\data\dataset\images\452.jpg,D:\PanoCrowdCount\data\dataset\json\452.json,D:\PanoCrowdCount\data\dataset\density_maps\452.npy,test
453,139,100-199,D:\PanoCrowdCount\data\dataset\images\453.jpg,D:\PanoCrowdCount\data\dataset\json\453.json,D:\PanoCrowdCount\data\dataset\density_maps\453.npy,val
454,72,50-99,D:\PanoCrowdCount\data\dataset\images\454.jpg,D:\PanoCrowdCount\data\dataset\json\454.json,D:\PanoCrowdCount\data\dataset\density_maps\454.npy,train
455,392,300-499,D:\PanoCrowdCount\data\dataset\images\455.jpg,D:\PanoCrowdCount\data\dataset\json\455.json,D:\PanoCrowdCount\data\dataset\density_maps\455.npy,train
456,345,300-499,D:\PanoCrowdCount\data\dataset\images\456.jpg,D:\PanoCrowdCount\data\dataset\json\456.json,D:\PanoCrowdCount\data\dataset\density_maps\456.npy,train
457,68,50-99,D:\PanoCrowdCount\data\dataset\images\457.jpg,D:\PanoCrowdCount\data\dataset\json\457.json,D:\PanoCrowdCount\data\dataset\density_maps\457.npy,train
458,143,100-199,D:\PanoCrowdCount\data\dataset\images\458.jpg,D:\PanoCrowdCount\data\dataset\json\458.json,D:\PanoCrowdCount\data\dataset\density_maps\458.npy,val
459,99,50-99,D:\PanoCrowdCount\data\dataset\images\459.jpg,D:\PanoCrowdCount\data\dataset\json\459.json,D:\PanoCrowdCount\data\dataset\density_maps\459.npy,train
46,214,200-299,D:\PanoCrowdCount\data\dataset\images\46.jpg,D:\PanoCrowdCount\data\dataset\json\46.json,D:\PanoCrowdCount\data\dataset\density_maps\46.npy,train
460,75,50-99,D:\PanoCrowdCount\data\dataset\images\460.jpg,D:\PanoCrowdCount\data\dataset\json\460.json,D:\PanoCrowdCount\data\dataset\density_maps\460.npy,test
461,67,50-99,D:\PanoCrowdCount\data\dataset\images\461.jpg,D:\PanoCrowdCount\data\dataset\json\461.json,D:\PanoCrowdCount\data\dataset\density_maps\461.npy,train
462,829,500+,D:\PanoCrowdCount\data\dataset\images\462.jpg,D:\PanoCrowdCount\data\dataset\json\462.json,D:\PanoCrowdCount\data\dataset\density_maps\462.npy,train
463,585,500+,D:\PanoCrowdCount\data\dataset\images\463.jpg,D:\PanoCrowdCount\data\dataset\json\463.json,D:\PanoCrowdCount\data\dataset\density_maps\463.npy,train
464,168,100-199,D:\PanoCrowdCount\data\dataset\images\464.jpg,D:\PanoCrowdCount\data\dataset\json\464.json,D:\PanoCrowdCount\data\dataset\density_maps\464.npy,train
465,58,50-99,D:\PanoCrowdCount\data\dataset\images\465.jpg,D:\PanoCrowdCount\data\dataset\json\465.json,D:\PanoCrowdCount\data\dataset\density_maps\465.npy,val
466,46,0-49,D:\PanoCrowdCount\data\dataset\images\466.jpg,D:\PanoCrowdCount\data\dataset\json\466.json,D:\PanoCrowdCount\data\dataset\density_maps\466.npy,val
467,106,100-199,D:\PanoCrowdCount\data\dataset\images\467.jpg,D:\PanoCrowdCount\data\dataset\json\467.json,D:\PanoCrowdCount\data\dataset\density_maps\467.npy,test
468,69,50-99,D:\PanoCrowdCount\data\dataset\images\468.jpg,D:\PanoCrowdCount\data\dataset\json\468.json,D:\PanoCrowdCount\data\dataset\density_maps\468.npy,val
469,79,50-99,D:\PanoCrowdCount\data\dataset\images\469.jpg,D:\PanoCrowdCount\data\dataset\json\469.json,D:\PanoCrowdCount\data\dataset\density_maps\469.npy,train
47,50,50-99,D:\PanoCrowdCount\data\dataset\images\47.jpg,D:\PanoCrowdCount\data\dataset\json\47.json,D:\PanoCrowdCount\data\dataset\density_maps\47.npy,train
470,87,50-99,D:\PanoCrowdCount\data\dataset\images\470.jpg,D:\PanoCrowdCount\data\dataset\json\470.json,D:\PanoCrowdCount\data\dataset\density_maps\470.npy,train
471,192,100-199,D:\PanoCrowdCount\data\dataset\images\471.jpg,D:\PanoCrowdCount\data\dataset\json\471.json,D:\PanoCrowdCount\data\dataset\density_maps\471.npy,train
472,631,500+,D:\PanoCrowdCount\data\dataset\images\472.jpg,D:\PanoCrowdCount\data\dataset\json\472.json,D:\PanoCrowdCount\data\dataset\density_maps\472.npy,train
473,133,100-199,D:\PanoCrowdCount\data\dataset\images\473.jpg,D:\PanoCrowdCount\data\dataset\json\473.json,D:\PanoCrowdCount\data\dataset\density_maps\473.npy,train
474,115,100-199,D:\PanoCrowdCount\data\dataset\images\474.jpg,D:\PanoCrowdCount\data\dataset\json\474.json,D:\PanoCrowdCount\data\dataset\density_maps\474.npy,train
475,17,0-49,D:\PanoCrowdCount\data\dataset\images\475.jpg,D:\PanoCrowdCount\data\dataset\json\475.json,D:\PanoCrowdCount\data\dataset\density_maps\475.npy,train
476,104,100-199,D:\PanoCrowdCount\data\dataset\images\476.jpg,D:\PanoCrowdCount\data\dataset\json\476.json,D:\PanoCrowdCount\data\dataset\density_maps\476.npy,test
477,59,50-99,D:\PanoCrowdCount\data\dataset\images\477.jpg,D:\PanoCrowdCount\data\dataset\json\477.json,D:\PanoCrowdCount\data\dataset\density_maps\477.npy,train
478,574,500+,D:\PanoCrowdCount\data\dataset\images\478.jpg,D:\PanoCrowdCount\data\dataset\json\478.json,D:\PanoCrowdCount\data\dataset\density_maps\478.npy,train
479,86,50-99,D:\PanoCrowdCount\data\dataset\images\479.jpg,D:\PanoCrowdCount\data\dataset\json\479.json,D:\PanoCrowdCount\data\dataset\density_maps\479.npy,test
48,98,50-99,D:\PanoCrowdCount\data\dataset\images\48.jpg,D:\PanoCrowdCount\data\dataset\json\48.json,D:\PanoCrowdCount\data\dataset\density_maps\48.npy,train
480,78,50-99,D:\PanoCrowdCount\data\dataset\images\480.jpg,D:\PanoCrowdCount\data\dataset\json\480.json,D:\PanoCrowdCount\data\dataset\density_maps\480.npy,train
481,2535,500+,D:\PanoCrowdCount\data\dataset\images\481.jpg,D:\PanoCrowdCount\data\dataset\json\481.json,D:\PanoCrowdCount\data\dataset\density_maps\481.npy,train
482,125,100-199,D:\PanoCrowdCount\data\dataset\images\482.jpg,D:\PanoCrowdCount\data\dataset\json\482.json,D:\PanoCrowdCount\data\dataset\density_maps\482.npy,train
483,82,50-99,D:\PanoCrowdCount\data\dataset\images\483.jpg,D:\PanoCrowdCount\data\dataset\json\483.json,D:\PanoCrowdCount\data\dataset\density_maps\483.npy,train
484,39,0-49,D:\PanoCrowdCount\data\dataset\images\484.jpg,D:\PanoCrowdCount\data\dataset\json\484.json,D:\PanoCrowdCount\data\dataset\density_maps\484.npy,train
485,286,200-299,D:\PanoCrowdCount\data\dataset\images\485.jpg,D:\PanoCrowdCount\data\dataset\json\485.json,D:\PanoCrowdCount\data\dataset\density_maps\485.npy,train
486,110,100-199,D:\PanoCrowdCount\data\dataset\images\486.jpg,D:\PanoCrowdCount\data\dataset\json\486.json,D:\PanoCrowdCount\data\dataset\density_maps\486.npy,train
487,44,0-49,D:\PanoCrowdCount\data\dataset\images\487.jpg,D:\PanoCrowdCount\data\dataset\json\487.json,D:\PanoCrowdCount\data\dataset\density_maps\487.npy,train
488,223,200-299,D:\PanoCrowdCount\data\dataset\images\488.jpg,D:\PanoCrowdCount\data\dataset\json\488.json,D:\PanoCrowdCount\data\dataset\density_maps\488.npy,train
489,50,50-99,D:\PanoCrowdCount\data\dataset\images\489.jpg,D:\PanoCrowdCount\data\dataset\json\489.json,D:\PanoCrowdCount\data\dataset\density_maps\489.npy,train
49,340,300-499,D:\PanoCrowdCount\data\dataset\images\49.jpg,D:\PanoCrowdCount\data\dataset\json\49.json,D:\PanoCrowdCount\data\dataset\density_maps\49.npy,train
490,52,50-99,D:\PanoCrowdCount\data\dataset\images\490.jpg,D:\PanoCrowdCount\data\dataset\json\490.json,D:\PanoCrowdCount\data\dataset\density_maps\490.npy,val
491,106,100-199,D:\PanoCrowdCount\data\dataset\images\491.jpg,D:\PanoCrowdCount\data\dataset\json\491.json,D:\PanoCrowdCount\data\dataset\density_maps\491.npy,train
492,646,500+,D:\PanoCrowdCount\data\dataset\images\492.jpg,D:\PanoCrowdCount\data\dataset\json\492.json,D:\PanoCrowdCount\data\dataset\density_maps\492.npy,test
493,36,0-49,D:\PanoCrowdCount\data\dataset\images\493.jpg,D:\PanoCrowdCount\data\dataset\json\493.json,D:\PanoCrowdCount\data\dataset\density_maps\493.npy,train
494,55,50-99,D:\PanoCrowdCount\data\dataset\images\494.jpg,D:\PanoCrowdCount\data\dataset\json\494.json,D:\PanoCrowdCount\data\dataset\density_maps\494.npy,train
495,264,200-299,D:\PanoCrowdCount\data\dataset\images\495.jpg,D:\PanoCrowdCount\data\dataset\json\495.json,D:\PanoCrowdCount\data\dataset\density_maps\495.npy,train
496,16,0-49,D:\PanoCrowdCount\data\dataset\images\496.jpg,D:\PanoCrowdCount\data\dataset\json\496.json,D:\PanoCrowdCount\data\dataset\density_maps\496.npy,train
497,16,0-49,D:\PanoCrowdCount\data\dataset\images\497.jpg,D:\PanoCrowdCount\data\dataset\json\497.json,D:\PanoCrowdCount\data\dataset\density_maps\497.npy,test
498,126,100-199,D:\PanoCrowdCount\data\dataset\images\498.jpg,D:\PanoCrowdCount\data\dataset\json\498.json,D:\PanoCrowdCount\data\dataset\density_maps\498.npy,train
499,58,50-99,D:\PanoCrowdCount\data\dataset\images\499.jpg,D:\PanoCrowdCount\data\dataset\json\499.json,D:\PanoCrowdCount\data\dataset\density_maps\499.npy,train
5,25,0-49,D:\PanoCrowdCount\data\dataset\images\5.jpg,D:\PanoCrowdCount\data\dataset\json\5.json,D:\PanoCrowdCount\data\dataset\density_maps\5.npy,train
50,130,100-199,D:\PanoCrowdCount\data\dataset\images\50.jpg,D:\PanoCrowdCount\data\dataset\json\50.json,D:\PanoCrowdCount\data\dataset\density_maps\50.npy,val
500,95,50-99,D:\PanoCrowdCount\data\dataset\images\500.jpg,D:\PanoCrowdCount\data\dataset\json\500.json,D:\PanoCrowdCount\data\dataset\density_maps\500.npy,train
501,127,100-199,D:\PanoCrowdCount\data\dataset\images\501.jpg,D:\PanoCrowdCount\data\dataset\json\501.json,D:\PanoCrowdCount\data\dataset\density_maps\501.npy,train
502,105,100-199,D:\PanoCrowdCount\data\dataset\images\502.jpg,D:\PanoCrowdCount\data\dataset\json\502.json,D:\PanoCrowdCount\data\dataset\density_maps\502.npy,train
503,124,100-199,D:\PanoCrowdCount\data\dataset\images\503.jpg,D:\PanoCrowdCount\data\dataset\json\503.json,D:\PanoCrowdCount\data\dataset\density_maps\503.npy,train
504,101,100-199,D:\PanoCrowdCount\data\dataset\images\504.jpg,D:\PanoCrowdCount\data\dataset\json\504.json,D:\PanoCrowdCount\data\dataset\density_maps\504.npy,val
505,257,200-299,D:\PanoCrowdCount\data\dataset\images\505.jpg,D:\PanoCrowdCount\data\dataset\json\505.json,D:\PanoCrowdCount\data\dataset\density_maps\505.npy,test
506,205,200-299,D:\PanoCrowdCount\data\dataset\images\506.jpg,D:\PanoCrowdCount\data\dataset\json\506.json,D:\PanoCrowdCount\data\dataset\density_maps\506.npy,train
507,112,100-199,D:\PanoCrowdCount\data\dataset\images\507.jpg,D:\PanoCrowdCount\data\dataset\json\507.json,D:\PanoCrowdCount\data\dataset\density_maps\507.npy,train
508,195,100-199,D:\PanoCrowdCount\data\dataset\images\508.jpg,D:\PanoCrowdCount\data\dataset\json\508.json,D:\PanoCrowdCount\data\dataset\density_maps\508.npy,train
509,178,100-199,D:\PanoCrowdCount\data\dataset\images\509.jpg,D:\PanoCrowdCount\data\dataset\json\509.json,D:\PanoCrowdCount\data\dataset\density_maps\509.npy,val
51,240,200-299,D:\PanoCrowdCount\data\dataset\images\51.jpg,D:\PanoCrowdCount\data\dataset\json\51.json,D:\PanoCrowdCount\data\dataset\density_maps\51.npy,val
510,171,100-199,D:\PanoCrowdCount\data\dataset\images\510.jpg,D:\PanoCrowdCount\data\dataset\json\510.json,D:\PanoCrowdCount\data\dataset\density_maps\510.npy,train
511,108,100-199,D:\PanoCrowdCount\data\dataset\images\511.jpg,D:\PanoCrowdCount\data\dataset\json\511.json,D:\PanoCrowdCount\data\dataset\density_maps\511.npy,train
512,193,100-199,D:\PanoCrowdCount\data\dataset\images\512.jpg,D:\PanoCrowdCount\data\dataset\json\512.json,D:\PanoCrowdCount\data\dataset\density_maps\512.npy,train
513,110,100-199,D:\PanoCrowdCount\data\dataset\images\513.jpg,D:\PanoCrowdCount\data\dataset\json\513.json,D:\PanoCrowdCount\data\dataset\density_maps\513.npy,test
514,83,50-99,D:\PanoCrowdCount\data\dataset\images\514.jpg,D:\PanoCrowdCount\data\dataset\json\514.json,D:\PanoCrowdCount\data\dataset\density_maps\514.npy,train
515,72,50-99,D:\PanoCrowdCount\data\dataset\images\515.jpg,D:\PanoCrowdCount\data\dataset\json\515.json,D:\PanoCrowdCount\data\dataset\density_maps\515.npy,train
516,163,100-199,D:\PanoCrowdCount\data\dataset\images\516.jpg,D:\PanoCrowdCount\data\dataset\json\516.json,D:\PanoCrowdCount\data\dataset\density_maps\516.npy,test
517,46,0-49,D:\PanoCrowdCount\data\dataset\images\517.jpg,D:\PanoCrowdCount\data\dataset\json\517.json,D:\PanoCrowdCount\data\dataset\density_maps\517.npy,train
518,77,50-99,D:\PanoCrowdCount\data\dataset\images\518.jpg,D:\PanoCrowdCount\data\dataset\json\518.json,D:\PanoCrowdCount\data\dataset\density_maps\518.npy,train
519,360,300-499,D:\PanoCrowdCount\data\dataset\images\519.jpg,D:\PanoCrowdCount\data\dataset\json\519.json,D:\PanoCrowdCount\data\dataset\density_maps\519.npy,train
52,814,500+,D:\PanoCrowdCount\data\dataset\images\52.jpg,D:\PanoCrowdCount\data\dataset\json\52.json,D:\PanoCrowdCount\data\dataset\density_maps\52.npy,train
520,75,50-99,D:\PanoCrowdCount\data\dataset\images\520.jpg,D:\PanoCrowdCount\data\dataset\json\520.json,D:\PanoCrowdCount\data\dataset\density_maps\520.npy,train
521,57,50-99,D:\PanoCrowdCount\data\dataset\images\521.jpg,D:\PanoCrowdCount\data\dataset\json\521.json,D:\PanoCrowdCount\data\dataset\density_maps\521.npy,train
522,47,0-49,D:\PanoCrowdCount\data\dataset\images\522.jpg,D:\PanoCrowdCount\data\dataset\json\522.json,D:\PanoCrowdCount\data\dataset\density_maps\522.npy,val
523,38,0-49,D:\PanoCrowdCount\data\dataset\images\523.jpg,D:\PanoCrowdCount\data\dataset\json\523.json,D:\PanoCrowdCount\data\dataset\density_maps\523.npy,train
524,635,500+,D:\PanoCrowdCount\data\dataset\images\524.jpg,D:\PanoCrowdCount\data\dataset\json\524.json,D:\PanoCrowdCount\data\dataset\density_maps\524.npy,train
525,71,50-99,D:\PanoCrowdCount\data\dataset\images\525.jpg,D:\PanoCrowdCount\data\dataset\json\525.json,D:\PanoCrowdCount\data\dataset\density_maps\525.npy,val
526,104,100-199,D:\PanoCrowdCount\data\dataset\images\526.jpg,D:\PanoCrowdCount\data\dataset\json\526.json,D:\PanoCrowdCount\data\dataset\density_maps\526.npy,val
527,34,0-49,D:\PanoCrowdCount\data\dataset\images\527.jpg,D:\PanoCrowdCount\data\dataset\json\527.json,D:\PanoCrowdCount\data\dataset\density_maps\527.npy,train
528,74,50-99,D:\PanoCrowdCount\data\dataset\images\528.jpg,D:\PanoCrowdCount\data\dataset\json\528.json,D:\PanoCrowdCount\data\dataset\density_maps\528.npy,test
529,178,100-199,D:\PanoCrowdCount\data\dataset\images\529.jpg,D:\PanoCrowdCount\data\dataset\json\529.json,D:\PanoCrowdCount\data\dataset\density_maps\529.npy,train
53,73,50-99,D:\PanoCrowdCount\data\dataset\images\53.jpg,D:\PanoCrowdCount\data\dataset\json\53.json,D:\PanoCrowdCount\data\dataset\density_maps\53.npy,train
530,41,0-49,D:\PanoCrowdCount\data\dataset\images\530.jpg,D:\PanoCrowdCount\data\dataset\json\530.json,D:\PanoCrowdCount\data\dataset\density_maps\530.npy,train
531,181,100-199,D:\PanoCrowdCount\data\dataset\images\531.jpg,D:\PanoCrowdCount\data\dataset\json\531.json,D:\PanoCrowdCount\data\dataset\density_maps\531.npy,train
532,101,100-199,D:\PanoCrowdCount\data\dataset\images\532.jpg,D:\PanoCrowdCount\data\dataset\json\532.json,D:\PanoCrowdCount\data\dataset\density_maps\532.npy,train
533,295,200-299,D:\PanoCrowdCount\data\dataset\images\533.jpg,D:\PanoCrowdCount\data\dataset\json\533.json,D:\PanoCrowdCount\data\dataset\density_maps\533.npy,train
534,87,50-99,D:\PanoCrowdCount\data\dataset\images\534.jpg,D:\PanoCrowdCount\data\dataset\json\534.json,D:\PanoCrowdCount\data\dataset\density_maps\534.npy,train
535,14,0-49,D:\PanoCrowdCount\data\dataset\images\535.jpg,D:\PanoCrowdCount\data\dataset\json\535.json,D:\PanoCrowdCount\data\dataset\density_maps\535.npy,val
536,54,50-99,D:\PanoCrowdCount\data\dataset\images\536.jpg,D:\PanoCrowdCount\data\dataset\json\536.json,D:\PanoCrowdCount\data\dataset\density_maps\536.npy,train
537,56,50-99,D:\PanoCrowdCount\data\dataset\images\537.jpg,D:\PanoCrowdCount\data\dataset\json\537.json,D:\PanoCrowdCount\data\dataset\density_maps\537.npy,train
538,208,200-299,D:\PanoCrowdCount\data\dataset\images\538.jpg,D:\PanoCrowdCount\data\dataset\json\538.json,D:\PanoCrowdCount\data\dataset\density_maps\538.npy,train
539,259,200-299,D:\PanoCrowdCount\data\dataset\images\539.jpg,D:\PanoCrowdCount\data\dataset\json\539.json,D:\PanoCrowdCount\data\dataset\density_maps\539.npy,train
54,16,0-49,D:\PanoCrowdCount\data\dataset\images\54.jpg,D:\PanoCrowdCount\data\dataset\json\54.json,D:\PanoCrowdCount\data\dataset\density_maps\54.npy,test
540,133,100-199,D:\PanoCrowdCount\data\dataset\images\540.jpg,D:\PanoCrowdCount\data\dataset\json\540.json,D:\PanoCrowdCount\data\dataset\density_maps\540.npy,train
541,73,50-99,D:\PanoCrowdCount\data\dataset\images\541.jpg,D:\PanoCrowdCount\data\dataset\json\541.json,D:\PanoCrowdCount\data\dataset\density_maps\541.npy,val
542,286,200-299,D:\PanoCrowdCount\data\dataset\images\542.jpg,D:\PanoCrowdCount\data\dataset\json\542.json,D:\PanoCrowdCount\data\dataset\density_maps\542.npy,train
543,750,500+,D:\PanoCrowdCount\data\dataset\images\543.jpg,D:\PanoCrowdCount\data\dataset\json\543.json,D:\PanoCrowdCount\data\dataset\density_maps\543.npy,train
544,70,50-99,D:\PanoCrowdCount\data\dataset\images\544.jpg,D:\PanoCrowdCount\data\dataset\json\544.json,D:\PanoCrowdCount\data\dataset\density_maps\544.npy,train
545,185,100-199,D:\PanoCrowdCount\data\dataset\images\545.jpg,D:\PanoCrowdCount\data\dataset\json\545.json,D:\PanoCrowdCount\data\dataset\density_maps\545.npy,val
546,42,0-49,D:\PanoCrowdCount\data\dataset\images\546.jpg,D:\PanoCrowdCount\data\dataset\json\546.json,D:\PanoCrowdCount\data\dataset\density_maps\546.npy,test
547,41,0-49,D:\PanoCrowdCount\data\dataset\images\547.jpg,D:\PanoCrowdCount\data\dataset\json\547.json,D:\PanoCrowdCount\data\dataset\density_maps\547.npy,train
548,55,50-99,D:\PanoCrowdCount\data\dataset\images\548.jpg,D:\PanoCrowdCount\data\dataset\json\548.json,D:\PanoCrowdCount\data\dataset\density_maps\548.npy,train
549,115,100-199,D:\PanoCrowdCount\data\dataset\images\549.jpg,D:\PanoCrowdCount\data\dataset\json\549.json,D:\PanoCrowdCount\data\dataset\density_maps\549.npy,train
55,25,0-49,D:\PanoCrowdCount\data\dataset\images\55.jpg,D:\PanoCrowdCount\data\dataset\json\55.json,D:\PanoCrowdCount\data\dataset\density_maps\55.npy,val
550,59,50-99,D:\PanoCrowdCount\data\dataset\images\550.jpg,D:\PanoCrowdCount\data\dataset\json\550.json,D:\PanoCrowdCount\data\dataset\density_maps\550.npy,train
551,294,200-299,D:\PanoCrowdCount\data\dataset\images\551.jpg,D:\PanoCrowdCount\data\dataset\json\551.json,D:\PanoCrowdCount\data\dataset\density_maps\551.npy,test
552,170,100-199,D:\PanoCrowdCount\data\dataset\images\552.jpg,D:\PanoCrowdCount\data\dataset\json\552.json,D:\PanoCrowdCount\data\dataset\density_maps\552.npy,val
553,45,0-49,D:\PanoCrowdCount\data\dataset\images\553.jpg,D:\PanoCrowdCount\data\dataset\json\553.json,D:\PanoCrowdCount\data\dataset\density_maps\553.npy,val
554,152,100-199,D:\PanoCrowdCount\data\dataset\images\554.jpg,D:\PanoCrowdCount\data\dataset\json\554.json,D:\PanoCrowdCount\data\dataset\density_maps\554.npy,test
555,153,100-199,D:\PanoCrowdCount\data\dataset\images\555.jpg,D:\PanoCrowdCount\data\dataset\json\555.json,D:\PanoCrowdCount\data\dataset\density_maps\555.npy,train
556,108,100-199,D:\PanoCrowdCount\data\dataset\images\556.jpg,D:\PanoCrowdCount\data\dataset\json\556.json,D:\PanoCrowdCount\data\dataset\density_maps\556.npy,test
557,150,100-199,D:\PanoCrowdCount\data\dataset\images\557.jpg,D:\PanoCrowdCount\data\dataset\json\557.json,D:\PanoCrowdCount\data\dataset\density_maps\557.npy,train
558,151,100-199,D:\PanoCrowdCount\data\dataset\images\558.jpg,D:\PanoCrowdCount\data\dataset\json\558.json,D:\PanoCrowdCount\data\dataset\density_maps\558.npy,train
559,478,300-499,D:\PanoCrowdCount\data\dataset\images\559.jpg,D:\PanoCrowdCount\data\dataset\json\559.json,D:\PanoCrowdCount\data\dataset\density_maps\559.npy,train
56,70,50-99,D:\PanoCrowdCount\data\dataset\images\56.jpg,D:\PanoCrowdCount\data\dataset\json\56.json,D:\PanoCrowdCount\data\dataset\density_maps\56.npy,val
560,46,0-49,D:\PanoCrowdCount\data\dataset\images\560.jpg,D:\PanoCrowdCount\data\dataset\json\560.json,D:\PanoCrowdCount\data\dataset\density_maps\560.npy,train
561,37,0-49,D:\PanoCrowdCount\data\dataset\images\561.jpg,D:\PanoCrowdCount\data\dataset\json\561.json,D:\PanoCrowdCount\data\dataset\density_maps\561.npy,train
562,247,200-299,D:\PanoCrowdCount\data\dataset\images\562.jpg,D:\PanoCrowdCount\data\dataset\json\562.json,D:\PanoCrowdCount\data\dataset\density_maps\562.npy,train
563,132,100-199,D:\PanoCrowdCount\data\dataset\images\563.jpg,D:\PanoCrowdCount\data\dataset\json\563.json,D:\PanoCrowdCount\data\dataset\density_maps\563.npy,train
564,152,100-199,D:\PanoCrowdCount\data\dataset\images\564.jpg,D:\PanoCrowdCount\data\dataset\json\564.json,D:\PanoCrowdCount\data\dataset\density_maps\564.npy,train
565,48,0-49,D:\PanoCrowdCount\data\dataset\images\565.jpg,D:\PanoCrowdCount\data\dataset\json\565.json,D:\PanoCrowdCount\data\dataset\density_maps\565.npy,train
566,64,50-99,D:\PanoCrowdCount\data\dataset\images\566.jpg,D:\PanoCrowdCount\data\dataset\json\566.json,D:\PanoCrowdCount\data\dataset\density_maps\566.npy,train
567,110,100-199,D:\PanoCrowdCount\data\dataset\images\567.jpg,D:\PanoCrowdCount\data\dataset\json\567.json,D:\PanoCrowdCount\data\dataset\density_maps\567.npy,train
568,166,100-199,D:\PanoCrowdCount\data\dataset\images\568.jpg,D:\PanoCrowdCount\data\dataset\json\568.json,D:\PanoCrowdCount\data\dataset\density_maps\568.npy,test
569,45,0-49,D:\PanoCrowdCount\data\dataset\images\569.jpg,D:\PanoCrowdCount\data\dataset\json\569.json,D:\PanoCrowdCount\data\dataset\density_maps\569.npy,train
57,59,50-99,D:\PanoCrowdCount\data\dataset\images\57.jpg,D:\PanoCrowdCount\data\dataset\json\57.json,D:\PanoCrowdCount\data\dataset\density_maps\57.npy,train
570,36,0-49,D:\PanoCrowdCount\data\dataset\images\570.jpg,D:\PanoCrowdCount\data\dataset\json\570.json,D:\PanoCrowdCount\data\dataset\density_maps\570.npy,train
571,47,0-49,D:\PanoCrowdCount\data\dataset\images\571.jpg,D:\PanoCrowdCount\data\dataset\json\571.json,D:\PanoCrowdCount\data\dataset\density_maps\571.npy,train
572,123,100-199,D:\PanoCrowdCount\data\dataset\images\572.jpg,D:\PanoCrowdCount\data\dataset\json\572.json,D:\PanoCrowdCount\data\dataset\density_maps\572.npy,train
573,170,100-199,D:\PanoCrowdCount\data\dataset\images\573.jpg,D:\PanoCrowdCount\data\dataset\json\573.json,D:\PanoCrowdCount\data\dataset\density_maps\573.npy,train
574,45,0-49,D:\PanoCrowdCount\data\dataset\images\574.jpg,D:\PanoCrowdCount\data\dataset\json\574.json,D:\PanoCrowdCount\data\dataset\density_maps\574.npy,val
575,73,50-99,D:\PanoCrowdCount\data\dataset\images\575.jpg,D:\PanoCrowdCount\data\dataset\json\575.json,D:\PanoCrowdCount\data\dataset\density_maps\575.npy,val
576,17,0-49,D:\PanoCrowdCount\data\dataset\images\576.jpg,D:\PanoCrowdCount\data\dataset\json\576.json,D:\PanoCrowdCount\data\dataset\density_maps\576.npy,train
577,26,0-49,D:\PanoCrowdCount\data\dataset\images\577.jpg,D:\PanoCrowdCount\data\dataset\json\577.json,D:\PanoCrowdCount\data\dataset\density_maps\577.npy,train
578,15,0-49,D:\PanoCrowdCount\data\dataset\images\578.jpg,D:\PanoCrowdCount\data\dataset\json\578.json,D:\PanoCrowdCount\data\dataset\density_maps\578.npy,test
579,225,200-299,D:\PanoCrowdCount\data\dataset\images\579.jpg,D:\PanoCrowdCount\data\dataset\json\579.json,D:\PanoCrowdCount\data\dataset\density_maps\579.npy,test
58,266,200-299,D:\PanoCrowdCount\data\dataset\images\58.jpg,D:\PanoCrowdCount\data\dataset\json\58.json,D:\PanoCrowdCount\data\dataset\density_maps\58.npy,train
580,48,0-49,D:\PanoCrowdCount\data\dataset\images\580.jpg,D:\PanoCrowdCount\data\dataset\json\580.json,D:\PanoCrowdCount\data\dataset\density_maps\580.npy,test
581,49,0-49,D:\PanoCrowdCount\data\dataset\images\581.jpg,D:\PanoCrowdCount\data\dataset\json\581.json,D:\PanoCrowdCount\data\dataset\density_maps\581.npy,train
582,112,100-199,D:\PanoCrowdCount\data\dataset\images\582.jpg,D:\PanoCrowdCount\data\dataset\json\582.json,D:\PanoCrowdCount\data\dataset\density_maps\582.npy,val
583,138,100-199,D:\PanoCrowdCount\data\dataset\images\583.jpg,D:\PanoCrowdCount\data\dataset\json\583.json,D:\PanoCrowdCount\data\dataset\density_maps\583.npy,train
584,121,100-199,D:\PanoCrowdCount\data\dataset\images\584.jpg,D:\PanoCrowdCount\data\dataset\json\584.json,D:\PanoCrowdCount\data\dataset\density_maps\584.npy,train
585,109,100-199,D:\PanoCrowdCount\data\dataset\images\585.jpg,D:\PanoCrowdCount\data\dataset\json\585.json,D:\PanoCrowdCount\data\dataset\density_maps\585.npy,train
588,30,0-49,D:\PanoCrowdCount\data\dataset\images\588.jpg,D:\PanoCrowdCount\data\dataset\json\588.json,D:\PanoCrowdCount\data\dataset\density_maps\588.npy,train
589,43,0-49,D:\PanoCrowdCount\data\dataset\images\589.jpg,D:\PanoCrowdCount\data\dataset\json\589.json,D:\PanoCrowdCount\data\dataset\density_maps\589.npy,val
59,269,200-299,D:\PanoCrowdCount\data\dataset\images\59.jpg,D:\PanoCrowdCount\data\dataset\json\59.json,D:\PanoCrowdCount\data\dataset\density_maps\59.npy,train
590,160,100-199,D:\PanoCrowdCount\data\dataset\images\590.jpg,D:\PanoCrowdCount\data\dataset\json\590.json,D:\PanoCrowdCount\data\dataset\density_maps\590.npy,val
591,105,100-199,D:\PanoCrowdCount\data\dataset\images\591.jpg,D:\PanoCrowdCount\data\dataset\json\591.json,D:\PanoCrowdCount\data\dataset\density_maps\591.npy,train
592,9,0-49,D:\PanoCrowdCount\data\dataset\images\592.jpg,D:\PanoCrowdCount\data\dataset\json\592.json,D:\PanoCrowdCount\data\dataset\density_maps\592.npy,val
593,62,50-99,D:\PanoCrowdCount\data\dataset\images\593.jpg,D:\PanoCrowdCount\data\dataset\json\593.json,D:\PanoCrowdCount\data\dataset\density_maps\593.npy,train
594,73,50-99,D:\PanoCrowdCount\data\dataset\images\594.jpg,D:\PanoCrowdCount\data\dataset\json\594.json,D:\PanoCrowdCount\data\dataset\density_maps\594.npy,train
595,136,100-199,D:\PanoCrowdCount\data\dataset\images\595.jpg,D:\PanoCrowdCount\data\dataset\json\595.json,D:\PanoCrowdCount\data\dataset\density_maps\595.npy,train
596,174,100-199,D:\PanoCrowdCount\data\dataset\images\596.jpg,D:\PanoCrowdCount\data\dataset\json\596.json,D:\PanoCrowdCount\data\dataset\density_maps\596.npy,train
597,108,100-199,D:\PanoCrowdCount\data\dataset\images\597.jpg,D:\PanoCrowdCount\data\dataset\json\597.json,D:\PanoCrowdCount\data\dataset\density_maps\597.npy,train
598,52,50-99,D:\PanoCrowdCount\data\dataset\images\598.jpg,D:\PanoCrowdCount\data\dataset\json\598.json,D:\PanoCrowdCount\data\dataset\density_maps\598.npy,train
599,41,0-49,D:\PanoCrowdCount\data\dataset\images\599.jpg,D:\PanoCrowdCount\data\dataset\json\599.json,D:\PanoCrowdCount\data\dataset\density_maps\599.npy,train
6,366,300-499,D:\PanoCrowdCount\data\dataset\images\6.jpg,D:\PanoCrowdCount\data\dataset\json\6.json,D:\PanoCrowdCount\data\dataset\density_maps\6.npy,test
60,325,300-499,D:\PanoCrowdCount\data\dataset\images\60.jpg,D:\PanoCrowdCount\data\dataset\json\60.json,D:\PanoCrowdCount\data\dataset\density_maps\60.npy,train
600,158,100-199,D:\PanoCrowdCount\data\dataset\images\600.jpg,D:\PanoCrowdCount\data\dataset\json\600.json,D:\PanoCrowdCount\data\dataset\density_maps\600.npy,test
601,38,0-49,D:\PanoCrowdCount\data\dataset\images\601.jpg,D:\PanoCrowdCount\data\dataset\json\601.json,D:\PanoCrowdCount\data\dataset\density_maps\601.npy,train
602,170,100-199,D:\PanoCrowdCount\data\dataset\images\602.jpg,D:\PanoCrowdCount\data\dataset\json\602.json,D:\PanoCrowdCount\data\dataset\density_maps\602.npy,val
603,44,0-49,D:\PanoCrowdCount\data\dataset\images\603.jpg,D:\PanoCrowdCount\data\dataset\json\603.json,D:\PanoCrowdCount\data\dataset\density_maps\603.npy,test
604,110,100-199,D:\PanoCrowdCount\data\dataset\images\604.jpg,D:\PanoCrowdCount\data\dataset\json\604.json,D:\PanoCrowdCount\data\dataset\density_maps\604.npy,train
605,28,0-49,D:\PanoCrowdCount\data\dataset\images\605.jpg,D:\PanoCrowdCount\data\dataset\json\605.json,D:\PanoCrowdCount\data\dataset\density_maps\605.npy,train
606,189,100-199,D:\PanoCrowdCount\data\dataset\images\606.jpg,D:\PanoCrowdCount\data\dataset\json\606.json,D:\PanoCrowdCount\data\dataset\density_maps\606.npy,train
607,47,0-49,D:\PanoCrowdCount\data\dataset\images\607.jpg,D:\PanoCrowdCount\data\dataset\json\607.json,D:\PanoCrowdCount\data\dataset\density_maps\607.npy,train
608,71,50-99,D:\PanoCrowdCount\data\dataset\images\608.jpg,D:\PanoCrowdCount\data\dataset\json\608.json,D:\PanoCrowdCount\data\dataset\density_maps\608.npy,train
609,34,0-49,D:\PanoCrowdCount\data\dataset\images\609.jpg,D:\PanoCrowdCount\data\dataset\json\609.json,D:\PanoCrowdCount\data\dataset\density_maps\609.npy,train
61,200,200-299,D:\PanoCrowdCount\data\dataset\images\61.jpg,D:\PanoCrowdCount\data\dataset\json\61.json,D:\PanoCrowdCount\data\dataset\density_maps\61.npy,train
610,289,200-299,D:\PanoCrowdCount\data\dataset\images\610.jpg,D:\PanoCrowdCount\data\dataset\json\610.json,D:\PanoCrowdCount\data\dataset\density_maps\610.npy,train
611,516,500+,D:\PanoCrowdCount\data\dataset\images\611.jpg,D:\PanoCrowdCount\data\dataset\json\611.json,D:\PanoCrowdCount\data\dataset\density_maps\611.npy,train
612,204,200-299,D:\PanoCrowdCount\data\dataset\images\612.jpg,D:\PanoCrowdCount\data\dataset\json\612.json,D:\PanoCrowdCount\data\dataset\density_maps\612.npy,val
613,61,50-99,D:\PanoCrowdCount\data\dataset\images\613.jpg,D:\PanoCrowdCount\data\dataset\json\613.json,D:\PanoCrowdCount\data\dataset\density_maps\613.npy,train
614,42,0-49,D:\PanoCrowdCount\data\dataset\images\614.jpg,D:\PanoCrowdCount\data\dataset\json\614.json,D:\PanoCrowdCount\data\dataset\density_maps\614.npy,train
615,31,0-49,D:\PanoCrowdCount\data\dataset\images\615.jpg,D:\PanoCrowdCount\data\dataset\json\615.json,D:\PanoCrowdCount\data\dataset\density_maps\615.npy,train
616,88,50-99,D:\PanoCrowdCount\data\dataset\images\616.jpg,D:\PanoCrowdCount\data\dataset\json\616.json,D:\PanoCrowdCount\data\dataset\density_maps\616.npy,val
617,62,50-99,D:\PanoCrowdCount\data\dataset\images\617.jpg,D:\PanoCrowdCount\data\dataset\json\617.json,D:\PanoCrowdCount\data\dataset\density_maps\617.npy,train
618,21,0-49,D:\PanoCrowdCount\data\dataset\images\618.jpg,D:\PanoCrowdCount\data\dataset\json\618.json,D:\PanoCrowdCount\data\dataset\density_maps\618.npy,test
619,41,0-49,D:\PanoCrowdCount\data\dataset\images\619.jpg,D:\PanoCrowdCount\data\dataset\json\619.json,D:\PanoCrowdCount\data\dataset\density_maps\619.npy,train
62,53,50-99,D:\PanoCrowdCount\data\dataset\images\62.jpg,D:\PanoCrowdCount\data\dataset\json\62.json,D:\PanoCrowdCount\data\dataset\density_maps\62.npy,train
620,160,100-199,D:\PanoCrowdCount\data\dataset\images\620.jpg,D:\PanoCrowdCount\data\dataset\json\620.json,D:\PanoCrowdCount\data\dataset\density_maps\620.npy,train
621,395,300-499,D:\PanoCrowdCount\data\dataset\images\621.jpg,D:\PanoCrowdCount\data\dataset\json\621.json,D:\PanoCrowdCount\data\dataset\density_maps\621.npy,train
622,28,0-49,D:\PanoCrowdCount\data\dataset\images\622.jpg,D:\PanoCrowdCount\data\dataset\json\622.json,D:\PanoCrowdCount\data\dataset\density_maps\622.npy,train
623,72,50-99,D:\PanoCrowdCount\data\dataset\images\623.jpg,D:\PanoCrowdCount\data\dataset\json\623.json,D:\PanoCrowdCount\data\dataset\density_maps\623.npy,val
624,131,100-199,D:\PanoCrowdCount\data\dataset\images\624.jpg,D:\PanoCrowdCount\data\dataset\json\624.json,D:\PanoCrowdCount\data\dataset\density_maps\624.npy,train
625,91,50-99,D:\PanoCrowdCount\data\dataset\images\625.jpg,D:\PanoCrowdCount\data\dataset\json\625.json,D:\PanoCrowdCount\data\dataset\density_maps\625.npy,train
626,67,50-99,D:\PanoCrowdCount\data\dataset\images\626.jpg,D:\PanoCrowdCount\data\dataset\json\626.json,D:\PanoCrowdCount\data\dataset\density_maps\626.npy,train
627,120,100-199,D:\PanoCrowdCount\data\dataset\images\627.jpg,D:\PanoCrowdCount\data\dataset\json\627.json,D:\PanoCrowdCount\data\dataset\density_maps\627.npy,train
628,109,100-199,D:\PanoCrowdCount\data\dataset\images\628.jpg,D:\PanoCrowdCount\data\dataset\json\628.json,D:\PanoCrowdCount\data\dataset\density_maps\628.npy,val
629,427,300-499,D:\PanoCrowdCount\data\dataset\images\629.jpg,D:\PanoCrowdCount\data\dataset\json\629.json,D:\PanoCrowdCount\data\dataset\density_maps\629.npy,train
63,95,50-99,D:\PanoCrowdCount\data\dataset\images\63.jpg,D:\PanoCrowdCount\data\dataset\json\63.json,D:\PanoCrowdCount\data\dataset\density_maps\63.npy,train
630,140,100-199,D:\PanoCrowdCount\data\dataset\images\630.jpg,D:\PanoCrowdCount\data\dataset\json\630.json,D:\PanoCrowdCount\data\dataset\density_maps\630.npy,train
631,86,50-99,D:\PanoCrowdCount\data\dataset\images\631.jpg,D:\PanoCrowdCount\data\dataset\json\631.json,D:\PanoCrowdCount\data\dataset\density_maps\631.npy,train
632,34,0-49,D:\PanoCrowdCount\data\dataset\images\632.jpg,D:\PanoCrowdCount\data\dataset\json\632.json,D:\PanoCrowdCount\data\dataset\density_maps\632.npy,train
633,118,100-199,D:\PanoCrowdCount\data\dataset\images\633.jpg,D:\PanoCrowdCount\data\dataset\json\633.json,D:\PanoCrowdCount\data\dataset\density_maps\633.npy,train
634,42,0-49,D:\PanoCrowdCount\data\dataset\images\634.jpg,D:\PanoCrowdCount\data\dataset\json\634.json,D:\PanoCrowdCount\data\dataset\density_maps\634.npy,train
635,75,50-99,D:\PanoCrowdCount\data\dataset\images\635.jpg,D:\PanoCrowdCount\data\dataset\json\635.json,D:\PanoCrowdCount\data\dataset\density_maps\635.npy,train
636,129,100-199,D:\PanoCrowdCount\data\dataset\images\636.jpg,D:\PanoCrowdCount\data\dataset\json\636.json,D:\PanoCrowdCount\data\dataset\density_maps\636.npy,train
637,112,100-199,D:\PanoCrowdCount\data\dataset\images\637.jpg,D:\PanoCrowdCount\data\dataset\json\637.json,D:\PanoCrowdCount\data\dataset\density_maps\637.npy,val
638,38,0-49,D:\PanoCrowdCount\data\dataset\images\638.jpg,D:\PanoCrowdCount\data\dataset\json\638.json,D:\PanoCrowdCount\data\dataset\density_maps\638.npy,test
639,102,100-199,D:\PanoCrowdCount\data\dataset\images\639.jpg,D:\PanoCrowdCount\data\dataset\json\639.json,D:\PanoCrowdCount\data\dataset\density_maps\639.npy,train
64,137,100-199,D:\PanoCrowdCount\data\dataset\images\64.jpg,D:\PanoCrowdCount\data\dataset\json\64.json,D:\PanoCrowdCount\data\dataset\density_maps\64.npy,val
640,487,300-499,D:\PanoCrowdCount\data\dataset\images\640.jpg,D:\PanoCrowdCount\data\dataset\json\640.json,D:\PanoCrowdCount\data\dataset\density_maps\640.npy,test
641,33,0-49,D:\PanoCrowdCount\data\dataset\images\641.jpg,D:\PanoCrowdCount\data\dataset\json\641.json,D:\PanoCrowdCount\data\dataset\density_maps\641.npy,train
642,42,0-49,D:\PanoCrowdCount\data\dataset\images\642.jpg,D:\PanoCrowdCount\data\dataset\json\642.json,D:\PanoCrowdCount\data\dataset\density_maps\642.npy,train
643,107,100-199,D:\PanoCrowdCount\data\dataset\images\643.jpg,D:\PanoCrowdCount\data\dataset\json\643.json,D:\PanoCrowdCount\data\dataset\density_maps\643.npy,val
644,65,50-99,D:\PanoCrowdCount\data\dataset\images\644.jpg,D:\PanoCrowdCount\data\dataset\json\644.json,D:\PanoCrowdCount\data\dataset\density_maps\644.npy,train
645,51,50-99,D:\PanoCrowdCount\data\dataset\images\645.jpg,D:\PanoCrowdCount\data\dataset\json\645.json,D:\PanoCrowdCount\data\dataset\density_maps\645.npy,train
646,34,0-49,D:\PanoCrowdCount\data\dataset\images\646.jpg,D:\PanoCrowdCount\data\dataset\json\646.json,D:\PanoCrowdCount\data\dataset\density_maps\646.npy,train
647,442,300-499,D:\PanoCrowdCount\data\dataset\images\647.jpg,D:\PanoCrowdCount\data\dataset\json\647.json,D:\PanoCrowdCount\data\dataset\density_maps\647.npy,test
648,141,100-199,D:\PanoCrowdCount\data\dataset\images\648.jpg,D:\PanoCrowdCount\data\dataset\json\648.json,D:\PanoCrowdCount\data\dataset\density_maps\648.npy,train
649,138,100-199,D:\PanoCrowdCount\data\dataset\images\649.jpg,D:\PanoCrowdCount\data\dataset\json\649.json,D:\PanoCrowdCount\data\dataset\density_maps\649.npy,val
65,281,200-299,D:\PanoCrowdCount\data\dataset\images\65.jpg,D:\PanoCrowdCount\data\dataset\json\65.json,D:\PanoCrowdCount\data\dataset\density_maps\65.npy,test
650,104,100-199,D:\PanoCrowdCount\data\dataset\images\650.jpg,D:\PanoCrowdCount\data\dataset\json\650.json,D:\PanoCrowdCount\data\dataset\density_maps\650.npy,train
651,78,50-99,D:\PanoCrowdCount\data\dataset\images\651.jpg,D:\PanoCrowdCount\data\dataset\json\651.json,D:\PanoCrowdCount\data\dataset\density_maps\651.npy,val
652,64,50-99,D:\PanoCrowdCount\data\dataset\images\652.jpg,D:\PanoCrowdCount\data\dataset\json\652.json,D:\PanoCrowdCount\data\dataset\density_maps\652.npy,train
653,76,50-99,D:\PanoCrowdCount\data\dataset\images\653.jpg,D:\PanoCrowdCount\data\dataset\json\653.json,D:\PanoCrowdCount\data\dataset\density_maps\653.npy,train
654,7,0-49,D:\PanoCrowdCount\data\dataset\images\654.jpg,D:\PanoCrowdCount\data\dataset\json\654.json,D:\PanoCrowdCount\data\dataset\density_maps\654.npy,train
655,244,200-299,D:\PanoCrowdCount\data\dataset\images\655.jpg,D:\PanoCrowdCount\data\dataset\json\655.json,D:\PanoCrowdCount\data\dataset\density_maps\655.npy,train
656,172,100-199,D:\PanoCrowdCount\data\dataset\images\656.jpg,D:\PanoCrowdCount\data\dataset\json\656.json,D:\PanoCrowdCount\data\dataset\density_maps\656.npy,train
657,79,50-99,D:\PanoCrowdCount\data\dataset\images\657.jpg,D:\PanoCrowdCount\data\dataset\json\657.json,D:\PanoCrowdCount\data\dataset\density_maps\657.npy,val
658,43,0-49,D:\PanoCrowdCount\data\dataset\images\658.jpg,D:\PanoCrowdCount\data\dataset\json\658.json,D:\PanoCrowdCount\data\dataset\density_maps\658.npy,train
659,19,0-49,D:\PanoCrowdCount\data\dataset\images\659.jpg,D:\PanoCrowdCount\data\dataset\json\659.json,D:\PanoCrowdCount\data\dataset\density_maps\659.npy,train
66,237,200-299,D:\PanoCrowdCount\data\dataset\images\66.jpg,D:\PanoCrowdCount\data\dataset\json\66.json,D:\PanoCrowdCount\data\dataset\density_maps\66.npy,val
660,16,0-49,D:\PanoCrowdCount\data\dataset\images\660.jpg,D:\PanoCrowdCount\data\dataset\json\660.json,D:\PanoCrowdCount\data\dataset\density_maps\660.npy,train
661,11,0-49,D:\PanoCrowdCount\data\dataset\images\661.jpg,D:\PanoCrowdCount\data\dataset\json\661.json,D:\PanoCrowdCount\data\dataset\density_maps\661.npy,val
662,134,100-199,D:\PanoCrowdCount\data\dataset\images\662.jpg,D:\PanoCrowdCount\data\dataset\json\662.json,D:\PanoCrowdCount\data\dataset\density_maps\662.npy,train
663,54,50-99,D:\PanoCrowdCount\data\dataset\images\663.jpg,D:\PanoCrowdCount\data\dataset\json\663.json,D:\PanoCrowdCount\data\dataset\density_maps\663.npy,test
664,23,0-49,D:\PanoCrowdCount\data\dataset\images\664.jpg,D:\PanoCrowdCount\data\dataset\json\664.json,D:\PanoCrowdCount\data\dataset\density_maps\664.npy,test
665,56,50-99,D:\PanoCrowdCount\data\dataset\images\665.jpg,D:\PanoCrowdCount\data\dataset\json\665.json,D:\PanoCrowdCount\data\dataset\density_maps\665.npy,train
666,43,0-49,D:\PanoCrowdCount\data\dataset\images\666.jpg,D:\PanoCrowdCount\data\dataset\json\666.json,D:\PanoCrowdCount\data\dataset\density_maps\666.npy,val
667,63,50-99,D:\PanoCrowdCount\data\dataset\images\667.jpg,D:\PanoCrowdCount\data\dataset\json\667.json,D:\PanoCrowdCount\data\dataset\density_maps\667.npy,train
668,195,100-199,D:\PanoCrowdCount\data\dataset\images\668.jpg,D:\PanoCrowdCount\data\dataset\json\668.json,D:\PanoCrowdCount\data\dataset\density_maps\668.npy,train
669,69,50-99,D:\PanoCrowdCount\data\dataset\images\669.jpg,D:\PanoCrowdCount\data\dataset\json\669.json,D:\PanoCrowdCount\data\dataset\density_maps\669.npy,train
67,219,200-299,D:\PanoCrowdCount\data\dataset\images\67.jpg,D:\PanoCrowdCount\data\dataset\json\67.json,D:\PanoCrowdCount\data\dataset\density_maps\67.npy,val
670,177,100-199,D:\PanoCrowdCount\data\dataset\images\670.jpg,D:\PanoCrowdCount\data\dataset\json\670.json,D:\PanoCrowdCount\data\dataset\density_maps\670.npy,train
671,130,100-199,D:\PanoCrowdCount\data\dataset\images\671.jpg,D:\PanoCrowdCount\data\dataset\json\671.json,D:\PanoCrowdCount\data\dataset\density_maps\671.npy,train
672,52,50-99,D:\PanoCrowdCount\data\dataset\images\672.jpg,D:\PanoCrowdCount\data\dataset\json\672.json,D:\PanoCrowdCount\data\dataset\density_maps\672.npy,train
673,104,100-199,D:\PanoCrowdCount\data\dataset\images\673.jpg,D:\PanoCrowdCount\data\dataset\json\673.json,D:\PanoCrowdCount\data\dataset\density_maps\673.npy,train
674,184,100-199,D:\PanoCrowdCount\data\dataset\images\674.jpg,D:\PanoCrowdCount\data\dataset\json\674.json,D:\PanoCrowdCount\data\dataset\density_maps\674.npy,train
675,43,0-49,D:\PanoCrowdCount\data\dataset\images\675.jpg,D:\PanoCrowdCount\data\dataset\json\675.json,D:\PanoCrowdCount\data\dataset\density_maps\675.npy,train
676,16,0-49,D:\PanoCrowdCount\data\dataset\images\676.jpg,D:\PanoCrowdCount\data\dataset\json\676.json,D:\PanoCrowdCount\data\dataset\density_maps\676.npy,train
677,144,100-199,D:\PanoCrowdCount\data\dataset\images\677.jpg,D:\PanoCrowdCount\data\dataset\json\677.json,D:\PanoCrowdCount\data\dataset\density_maps\677.npy,train
678,38,0-49,D:\PanoCrowdCount\data\dataset\images\678.jpg,D:\PanoCrowdCount\data\dataset\json\678.json,D:\PanoCrowdCount\data\dataset\density_maps\678.npy,val
679,242,200-299,D:\PanoCrowdCount\data\dataset\images\679.jpg,D:\PanoCrowdCount\data\dataset\json\679.json,D:\PanoCrowdCount\data\dataset\density_maps\679.npy,train
68,59,50-99,D:\PanoCrowdCount\data\dataset\images\68.jpg,D:\PanoCrowdCount\data\dataset\json\68.json,D:\PanoCrowdCount\data\dataset\density_maps\68.npy,train
680,158,100-199,D:\PanoCrowdCount\data\dataset\images\680.jpg,D:\PanoCrowdCount\data\dataset\json\680.json,D:\PanoCrowdCount\data\dataset\density_maps\680.npy,train
681,160,100-199,D:\PanoCrowdCount\data\dataset\images\681.jpg,D:\PanoCrowdCount\data\dataset\json\681.json,D:\PanoCrowdCount\data\dataset\density_maps\681.npy,val
682,120,100-199,D:\PanoCrowdCount\data\dataset\images\682.jpg,D:\PanoCrowdCount\data\dataset\json\682.json,D:\PanoCrowdCount\data\dataset\density_maps\682.npy,train
683,68,50-99,D:\PanoCrowdCount\data\dataset\images\683.jpg,D:\PanoCrowdCount\data\dataset\json\683.json,D:\PanoCrowdCount\data\dataset\density_maps\683.npy,train
684,349,300-499,D:\PanoCrowdCount\data\dataset\images\684.jpg,D:\PanoCrowdCount\data\dataset\json\684.json,D:\PanoCrowdCount\data\dataset\density_maps\684.npy,train
685,89,50-99,D:\PanoCrowdCount\data\dataset\images\685.jpg,D:\PanoCrowdCount\data\dataset\json\685.json,D:\PanoCrowdCount\data\dataset\density_maps\685.npy,test
686,124,100-199,D:\PanoCrowdCount\data\dataset\images\686.jpg,D:\PanoCrowdCount\data\dataset\json\686.json,D:\PanoCrowdCount\data\dataset\density_maps\686.npy,train
687,33,0-49,D:\PanoCrowdCount\data\dataset\images\687.jpg,D:\PanoCrowdCount\data\dataset\json\687.json,D:\PanoCrowdCount\data\dataset\density_maps\687.npy,train
688,97,50-99,D:\PanoCrowdCount\data\dataset\images\688.jpg,D:\PanoCrowdCount\data\dataset\json\688.json,D:\PanoCrowdCount\data\dataset\density_maps\688.npy,train
689,20,0-49,D:\PanoCrowdCount\data\dataset\images\689.jpg,D:\PanoCrowdCount\data\dataset\json\689.json,D:\PanoCrowdCount\data\dataset\density_maps\689.npy,train
69,624,500+,D:\PanoCrowdCount\data\dataset\images\69.jpg,D:\PanoCrowdCount\data\dataset\json\69.json,D:\PanoCrowdCount\data\dataset\density_maps\69.npy,train
690,545,500+,D:\PanoCrowdCount\data\dataset\images\690.jpg,D:\PanoCrowdCount\data\dataset\json\690.json,D:\PanoCrowdCount\data\dataset\density_maps\690.npy,train
691,125,100-199,D:\PanoCrowdCount\data\dataset\images\691.jpg,D:\PanoCrowdCount\data\dataset\json\691.json,D:\PanoCrowdCount\data\dataset\density_maps\691.npy,train
692,49,0-49,D:\PanoCrowdCount\data\dataset\images\692.jpg,D:\PanoCrowdCount\data\dataset\json\692.json,D:\PanoCrowdCount\data\dataset\density_maps\692.npy,train
693,41,0-49,D:\PanoCrowdCount\data\dataset\images\693.jpg,D:\PanoCrowdCount\data\dataset\json\693.json,D:\PanoCrowdCount\data\dataset\density_maps\693.npy,train
694,96,50-99,D:\PanoCrowdCount\data\dataset\images\694.jpg,D:\PanoCrowdCount\data\dataset\json\694.json,D:\PanoCrowdCount\data\dataset\density_maps\694.npy,train
695,46,0-49,D:\PanoCrowdCount\data\dataset\images\695.jpg,D:\PanoCrowdCount\data\dataset\json\695.json,D:\PanoCrowdCount\data\dataset\density_maps\695.npy,train
696,39,0-49,D:\PanoCrowdCount\data\dataset\images\696.jpg,D:\PanoCrowdCount\data\dataset\json\696.json,D:\PanoCrowdCount\data\dataset\density_maps\696.npy,train
697,110,100-199,D:\PanoCrowdCount\data\dataset\images\697.jpg,D:\PanoCrowdCount\data\dataset\json\697.json,D:\PanoCrowdCount\data\dataset\density_maps\697.npy,train
698,53,50-99,D:\PanoCrowdCount\data\dataset\images\698.jpg,D:\PanoCrowdCount\data\dataset\json\698.json,D:\PanoCrowdCount\data\dataset\density_maps\698.npy,train
699,283,200-299,D:\PanoCrowdCount\data\dataset\images\699.jpg,D:\PanoCrowdCount\data\dataset\json\699.json,D:\PanoCrowdCount\data\dataset\density_maps\699.npy,val
7,1033,500+,D:\PanoCrowdCount\data\dataset\images\7.jpg,D:\PanoCrowdCount\data\dataset\json\7.json,D:\PanoCrowdCount\data\dataset\density_maps\7.npy,test
70,120,100-199,D:\PanoCrowdCount\data\dataset\images\70.jpg,D:\PanoCrowdCount\data\dataset\json\70.json,D:\PanoCrowdCount\data\dataset\density_maps\70.npy,train
700,170,100-199,D:\PanoCrowdCount\data\dataset\images\700.jpg,D:\PanoCrowdCount\data\dataset\json\700.json,D:\PanoCrowdCount\data\dataset\density_maps\700.npy,train
701,65,50-99,D:\PanoCrowdCount\data\dataset\images\701.jpg,D:\PanoCrowdCount\data\dataset\json\701.json,D:\PanoCrowdCount\data\dataset\density_maps\701.npy,train
702,182,100-199,D:\PanoCrowdCount\data\dataset\images\702.jpg,D:\PanoCrowdCount\data\dataset\json\702.json,D:\PanoCrowdCount\data\dataset\density_maps\702.npy,train
703,96,50-99,D:\PanoCrowdCount\data\dataset\images\703.jpg,D:\PanoCrowdCount\data\dataset\json\703.json,D:\PanoCrowdCount\data\dataset\density_maps\703.npy,train
704,47,0-49,D:\PanoCrowdCount\data\dataset\images\704.jpg,D:\PanoCrowdCount\data\dataset\json\704.json,D:\PanoCrowdCount\data\dataset\density_maps\704.npy,train
705,138,100-199,D:\PanoCrowdCount\data\dataset\images\705.jpg,D:\PanoCrowdCount\data\dataset\json\705.json,D:\PanoCrowdCount\data\dataset\density_maps\705.npy,train
706,630,500+,D:\PanoCrowdCount\data\dataset\images\706.jpg,D:\PanoCrowdCount\data\dataset\json\706.json,D:\PanoCrowdCount\data\dataset\density_maps\706.npy,train
707,253,200-299,D:\PanoCrowdCount\data\dataset\images\707.jpg,D:\PanoCrowdCount\data\dataset\json\707.json,D:\PanoCrowdCount\data\dataset\density_maps\707.npy,train
708,43,0-49,D:\PanoCrowdCount\data\dataset\images\708.jpg,D:\PanoCrowdCount\data\dataset\json\708.json,D:\PanoCrowdCount\data\dataset\density_maps\708.npy,train
709,76,50-99,D:\PanoCrowdCount\data\dataset\images\709.jpg,D:\PanoCrowdCount\data\dataset\json\709.json,D:\PanoCrowdCount\data\dataset\density_maps\709.npy,val
71,55,50-99,D:\PanoCrowdCount\data\dataset\images\71.jpg,D:\PanoCrowdCount\data\dataset\json\71.json,D:\PanoCrowdCount\data\dataset\density_maps\71.npy,train
710,21,0-49,D:\PanoCrowdCount\data\dataset\images\710.jpg,D:\PanoCrowdCount\data\dataset\json\710.json,D:\PanoCrowdCount\data\dataset\density_maps\710.npy,train
711,88,50-99,D:\PanoCrowdCount\data\dataset\images\711.jpg,D:\PanoCrowdCount\data\dataset\json\711.json,D:\PanoCrowdCount\data\dataset\density_maps\711.npy,train
712,18,0-49,D:\PanoCrowdCount\data\dataset\images\712.jpg,D:\PanoCrowdCount\data\dataset\json\712.json,D:\PanoCrowdCount\data\dataset\density_maps\712.npy,train
713,367,300-499,D:\PanoCrowdCount\data\dataset\images\713.jpg,D:\PanoCrowdCount\data\dataset\json\713.json,D:\PanoCrowdCount\data\dataset\density_maps\713.npy,train
714,173,100-199,D:\PanoCrowdCount\data\dataset\images\714.jpg,D:\PanoCrowdCount\data\dataset\json\714.json,D:\PanoCrowdCount\data\dataset\density_maps\714.npy,train
715,56,50-99,D:\PanoCrowdCount\data\dataset\images\715.jpg,D:\PanoCrowdCount\data\dataset\json\715.json,D:\PanoCrowdCount\data\dataset\density_maps\715.npy,val
716,148,100-199,D:\PanoCrowdCount\data\dataset\images\716.jpg,D:\PanoCrowdCount\data\dataset\json\716.json,D:\PanoCrowdCount\data\dataset\density_maps\716.npy,train
717,91,50-99,D:\PanoCrowdCount\data\dataset\images\717.jpg,D:\PanoCrowdCount\data\dataset\json\717.json,D:\PanoCrowdCount\data\dataset\density_maps\717.npy,train
718,279,200-299,D:\PanoCrowdCount\data\dataset\images\718.jpg,D:\PanoCrowdCount\data\dataset\json\718.json,D:\PanoCrowdCount\data\dataset\density_maps\718.npy,train
719,162,100-199,D:\PanoCrowdCount\data\dataset\images\719.jpg,D:\PanoCrowdCount\data\dataset\json\719.json,D:\PanoCrowdCount\data\dataset\density_maps\719.npy,train
72,40,0-49,D:\PanoCrowdCount\data\dataset\images\72.jpg,D:\PanoCrowdCount\data\dataset\json\72.json,D:\PanoCrowdCount\data\dataset\density_maps\72.npy,train
720,49,0-49,D:\PanoCrowdCount\data\dataset\images\720.jpg,D:\PanoCrowdCount\data\dataset\json\720.json,D:\PanoCrowdCount\data\dataset\density_maps\720.npy,train
721,51,50-99,D:\PanoCrowdCount\data\dataset\images\721.jpg,D:\PanoCrowdCount\data\dataset\json\721.json,D:\PanoCrowdCount\data\dataset\density_maps\721.npy,val
722,54,50-99,D:\PanoCrowdCount\data\dataset\images\722.jpg,D:\PanoCrowdCount\data\dataset\json\722.json,D:\PanoCrowdCount\data\dataset\density_maps\722.npy,train
723,181,100-199,D:\PanoCrowdCount\data\dataset\images\723.jpg,D:\PanoCrowdCount\data\dataset\json\723.json,D:\PanoCrowdCount\data\dataset\density_maps\723.npy,test
724,60,50-99,D:\PanoCrowdCount\data\dataset\images\724.jpg,D:\PanoCrowdCount\data\dataset\json\724.json,D:\PanoCrowdCount\data\dataset\density_maps\724.npy,train
725,87,50-99,D:\PanoCrowdCount\data\dataset\images\725.jpg,D:\PanoCrowdCount\data\dataset\json\725.json,D:\PanoCrowdCount\data\dataset\density_maps\725.npy,train
726,50,50-99,D:\PanoCrowdCount\data\dataset\images\726.jpg,D:\PanoCrowdCount\data\dataset\json\726.json,D:\PanoCrowdCount\data\dataset\density_maps\726.npy,train
727,47,0-49,D:\PanoCrowdCount\data\dataset\images\727.jpg,D:\PanoCrowdCount\data\dataset\json\727.json,D:\PanoCrowdCount\data\dataset\density_maps\727.npy,train
728,155,100-199,D:\PanoCrowdCount\data\dataset\images\728.jpg,D:\PanoCrowdCount\data\dataset\json\728.json,D:\PanoCrowdCount\data\dataset\density_maps\728.npy,val
729,610,500+,D:\PanoCrowdCount\data\dataset\images\729.jpg,D:\PanoCrowdCount\data\dataset\json\729.json,D:\PanoCrowdCount\data\dataset\density_maps\729.npy,val
73,177,100-199,D:\PanoCrowdCount\data\dataset\images\73.jpg,D:\PanoCrowdCount\data\dataset\json\73.json,D:\PanoCrowdCount\data\dataset\density_maps\73.npy,train
730,39,0-49,D:\PanoCrowdCount\data\dataset\images\730.jpg,D:\PanoCrowdCount\data\dataset\json\730.json,D:\PanoCrowdCount\data\dataset\density_maps\730.npy,train
731,188,100-199,D:\PanoCrowdCount\data\dataset\images\731.jpg,D:\PanoCrowdCount\data\dataset\json\731.json,D:\PanoCrowdCount\data\dataset\density_maps\731.npy,train
732,56,50-99,D:\PanoCrowdCount\data\dataset\images\732.jpg,D:\PanoCrowdCount\data\dataset\json\732.json,D:\PanoCrowdCount\data\dataset\density_maps\732.npy,train
733,263,200-299,D:\PanoCrowdCount\data\dataset\images\733.jpg,D:\PanoCrowdCount\data\dataset\json\733.json,D:\PanoCrowdCount\data\dataset\density_maps\733.npy,train
734,105,100-199,D:\PanoCrowdCount\data\dataset\images\734.jpg,D:\PanoCrowdCount\data\dataset\json\734.json,D:\PanoCrowdCount\data\dataset\density_maps\734.npy,val
735,90,50-99,D:\PanoCrowdCount\data\dataset\images\735.jpg,D:\PanoCrowdCount\data\dataset\json\735.json,D:\PanoCrowdCount\data\dataset\density_maps\735.npy,val
736,39,0-49,D:\PanoCrowdCount\data\dataset\images\736.jpg,D:\PanoCrowdCount\data\dataset\json\736.json,D:\PanoCrowdCount\data\dataset\density_maps\736.npy,test
737,79,50-99,D:\PanoCrowdCount\data\dataset\images\737.jpg,D:\PanoCrowdCount\data\dataset\json\737.json,D:\PanoCrowdCount\data\dataset\density_maps\737.npy,val
738,146,100-199,D:\PanoCrowdCount\data\dataset\images\738.jpg,D:\PanoCrowdCount\data\dataset\json\738.json,D:\PanoCrowdCount\data\dataset\density_maps\738.npy,val
739,67,50-99,D:\PanoCrowdCount\data\dataset\images\739.jpg,D:\PanoCrowdCount\data\dataset\json\739.json,D:\PanoCrowdCount\data\dataset\density_maps\739.npy,val
74,26,0-49,D:\PanoCrowdCount\data\dataset\images\74.jpg,D:\PanoCrowdCount\data\dataset\json\74.json,D:\PanoCrowdCount\data\dataset\density_maps\74.npy,train
740,9,0-49,D:\PanoCrowdCount\data\dataset\images\740.jpg,D:\PanoCrowdCount\data\dataset\json\740.json,D:\PanoCrowdCount\data\dataset\density_maps\740.npy,val
741,113,100-199,D:\PanoCrowdCount\data\dataset\images\741.jpg,D:\PanoCrowdCount\data\dataset\json\741.json,D:\PanoCrowdCount\data\dataset\density_maps\741.npy,val
742,32,0-49,D:\PanoCrowdCount\data\dataset\images\742.jpg,D:\PanoCrowdCount\data\dataset\json\742.json,D:\PanoCrowdCount\data\dataset\density_maps\742.npy,train
743,47,0-49,D:\PanoCrowdCount\data\dataset\images\743.jpg,D:\PanoCrowdCount\data\dataset\json\743.json,D:\PanoCrowdCount\data\dataset\density_maps\743.npy,train
744,31,0-49,D:\PanoCrowdCount\data\dataset\images\744.jpg,D:\PanoCrowdCount\data\dataset\json\744.json,D:\PanoCrowdCount\data\dataset\density_maps\744.npy,train
745,43,0-49,D:\PanoCrowdCount\data\dataset\images\745.jpg,D:\PanoCrowdCount\data\dataset\json\745.json,D:\PanoCrowdCount\data\dataset\density_maps\745.npy,train
746,96,50-99,D:\PanoCrowdCount\data\dataset\images\746.jpg,D:\PanoCrowdCount\data\dataset\json\746.json,D:\PanoCrowdCount\data\dataset\density_maps\746.npy,test
747,51,50-99,D:\PanoCrowdCount\data\dataset\images\747.jpg,D:\PanoCrowdCount\data\dataset\json\747.json,D:\PanoCrowdCount\data\dataset\density_maps\747.npy,train
748,47,0-49,D:\PanoCrowdCount\data\dataset\images\748.jpg,D:\PanoCrowdCount\data\dataset\json\748.json,D:\PanoCrowdCount\data\dataset\density_maps\748.npy,train
749,70,50-99,D:\PanoCrowdCount\data\dataset\images\749.jpg,D:\PanoCrowdCount\data\dataset\json\749.json,D:\PanoCrowdCount\data\dataset\density_maps\749.npy,train
75,80,50-99,D:\PanoCrowdCount\data\dataset\images\75.jpg,D:\PanoCrowdCount\data\dataset\json\75.json,D:\PanoCrowdCount\data\dataset\density_maps\75.npy,train
750,175,100-199,D:\PanoCrowdCount\data\dataset\images\750.jpg,D:\PanoCrowdCount\data\dataset\json\750.json,D:\PanoCrowdCount\data\dataset\density_maps\750.npy,val
751,245,200-299,D:\PanoCrowdCount\data\dataset\images\751.jpg,D:\PanoCrowdCount\data\dataset\json\751.json,D:\PanoCrowdCount\data\dataset\density_maps\751.npy,train
752,88,50-99,D:\PanoCrowdCount\data\dataset\images\752.jpg,D:\PanoCrowdCount\data\dataset\json\752.json,D:\PanoCrowdCount\data\dataset\density_maps\752.npy,val
753,139,100-199,D:\PanoCrowdCount\data\dataset\images\753.jpg,D:\PanoCrowdCount\data\dataset\json\753.json,D:\PanoCrowdCount\data\dataset\density_maps\753.npy,train
754,769,500+,D:\PanoCrowdCount\data\dataset\images\754.jpg,D:\PanoCrowdCount\data\dataset\json\754.json,D:\PanoCrowdCount\data\dataset\density_maps\754.npy,val
755,33,0-49,D:\PanoCrowdCount\data\dataset\images\755.jpg,D:\PanoCrowdCount\data\dataset\json\755.json,D:\PanoCrowdCount\data\dataset\density_maps\755.npy,val
756,57,50-99,D:\PanoCrowdCount\data\dataset\images\756.jpg,D:\PanoCrowdCount\data\dataset\json\756.json,D:\PanoCrowdCount\data\dataset\density_maps\756.npy,train
757,144,100-199,D:\PanoCrowdCount\data\dataset\images\757.jpg,D:\PanoCrowdCount\data\dataset\json\757.json,D:\PanoCrowdCount\data\dataset\density_maps\757.npy,train
758,59,50-99,D:\PanoCrowdCount\data\dataset\images\758.jpg,D:\PanoCrowdCount\data\dataset\json\758.json,D:\PanoCrowdCount\data\dataset\density_maps\758.npy,train
759,59,50-99,D:\PanoCrowdCount\data\dataset\images\759.jpg,D:\PanoCrowdCount\data\dataset\json\759.json,D:\PanoCrowdCount\data\dataset\density_maps\759.npy,train
76,28,0-49,D:\PanoCrowdCount\data\dataset\images\76.jpg,D:\PanoCrowdCount\data\dataset\json\76.json,D:\PanoCrowdCount\data\dataset\density_maps\76.npy,train
760,44,0-49,D:\PanoCrowdCount\data\dataset\images\760.jpg,D:\PanoCrowdCount\data\dataset\json\760.json,D:\PanoCrowdCount\data\dataset\density_maps\760.npy,train
761,46,0-49,D:\PanoCrowdCount\data\dataset\images\761.jpg,D:\PanoCrowdCount\data\dataset\json\761.json,D:\PanoCrowdCount\data\dataset\density_maps\761.npy,val
762,24,0-49,D:\PanoCrowdCount\data\dataset\images\762.jpg,D:\PanoCrowdCount\data\dataset\json\762.json,D:\PanoCrowdCount\data\dataset\density_maps\762.npy,train
763,298,200-299,D:\PanoCrowdCount\data\dataset\images\763.jpg,D:\PanoCrowdCount\data\dataset\json\763.json,D:\PanoCrowdCount\data\dataset\density_maps\763.npy,train
764,92,50-99,D:\PanoCrowdCount\data\dataset\images\764.jpg,D:\PanoCrowdCount\data\dataset\json\764.json,D:\PanoCrowdCount\data\dataset\density_maps\764.npy,val
765,178,100-199,D:\PanoCrowdCount\data\dataset\images\765.jpg,D:\PanoCrowdCount\data\dataset\json\765.json,D:\PanoCrowdCount\data\dataset\density_maps\765.npy,val
766,19,0-49,D:\PanoCrowdCount\data\dataset\images\766.jpg,D:\PanoCrowdCount\data\dataset\json\766.json,D:\PanoCrowdCount\data\dataset\density_maps\766.npy,train
767,35,0-49,D:\PanoCrowdCount\data\dataset\images\767.jpg,D:\PanoCrowdCount\data\dataset\json\767.json,D:\PanoCrowdCount\data\dataset\density_maps\767.npy,val
768,128,100-199,D:\PanoCrowdCount\data\dataset\images\768.jpg,D:\PanoCrowdCount\data\dataset\json\768.json,D:\PanoCrowdCount\data\dataset\density_maps\768.npy,train
769,59,50-99,D:\PanoCrowdCount\data\dataset\images\769.jpg,D:\PanoCrowdCount\data\dataset\json\769.json,D:\PanoCrowdCount\data\dataset\density_maps\769.npy,val
77,46,0-49,D:\PanoCrowdCount\data\dataset\images\77.jpg,D:\PanoCrowdCount\data\dataset\json\77.json,D:\PanoCrowdCount\data\dataset\density_maps\77.npy,train
770,301,300-499,D:\PanoCrowdCount\data\dataset\images\770.jpg,D:\PanoCrowdCount\data\dataset\json\770.json,D:\PanoCrowdCount\data\dataset\density_maps\770.npy,val
771,140,100-199,D:\PanoCrowdCount\data\dataset\images\771.jpg,D:\PanoCrowdCount\data\dataset\json\771.json,D:\PanoCrowdCount\data\dataset\density_maps\771.npy,train
772,61,50-99,D:\PanoCrowdCount\data\dataset\images\772.jpg,D:\PanoCrowdCount\data\dataset\json\772.json,D:\PanoCrowdCount\data\dataset\density_maps\772.npy,train
773,88,50-99,D:\PanoCrowdCount\data\dataset\images\773.jpg,D:\PanoCrowdCount\data\dataset\json\773.json,D:\PanoCrowdCount\data\dataset\density_maps\773.npy,test
774,118,100-199,D:\PanoCrowdCount\data\dataset\images\774.jpg,D:\PanoCrowdCount\data\dataset\json\774.json,D:\PanoCrowdCount\data\dataset\density_maps\774.npy,val
775,73,50-99,D:\PanoCrowdCount\data\dataset\images\775.jpg,D:\PanoCrowdCount\data\dataset\json\775.json,D:\PanoCrowdCount\data\dataset\density_maps\775.npy,test
776,173,100-199,D:\PanoCrowdCount\data\dataset\images\776.jpg,D:\PanoCrowdCount\data\dataset\json\776.json,D:\PanoCrowdCount\data\dataset\density_maps\776.npy,train
777,81,50-99,D:\PanoCrowdCount\data\dataset\images\777.jpg,D:\PanoCrowdCount\data\dataset\json\777.json,D:\PanoCrowdCount\data\dataset\density_maps\777.npy,train
778,163,100-199,D:\PanoCrowdCount\data\dataset\images\778.jpg,D:\PanoCrowdCount\data\dataset\json\778.json,D:\PanoCrowdCount\data\dataset\density_maps\778.npy,train
779,17,0-49,D:\PanoCrowdCount\data\dataset\images\779.jpg,D:\PanoCrowdCount\data\dataset\json\779.json,D:\PanoCrowdCount\data\dataset\density_maps\779.npy,train
78,118,100-199,D:\PanoCrowdCount\data\dataset\images\78.jpg,D:\PanoCrowdCount\data\dataset\json\78.json,D:\PanoCrowdCount\data\dataset\density_maps\78.npy,train
780,335,300-499,D:\PanoCrowdCount\data\dataset\images\780.jpg,D:\PanoCrowdCount\data\dataset\json\780.json,D:\PanoCrowdCount\data\dataset\density_maps\780.npy,val
781,47,0-49,D:\PanoCrowdCount\data\dataset\images\781.jpg,D:\PanoCrowdCount\data\dataset\json\781.json,D:\PanoCrowdCount\data\dataset\density_maps\781.npy,test
782,41,0-49,D:\PanoCrowdCount\data\dataset\images\782.jpg,D:\PanoCrowdCount\data\dataset\json\782.json,D:\PanoCrowdCount\data\dataset\density_maps\782.npy,train
783,449,300-499,D:\PanoCrowdCount\data\dataset\images\783.jpg,D:\PanoCrowdCount\data\dataset\json\783.json,D:\PanoCrowdCount\data\dataset\density_maps\783.npy,train
784,49,0-49,D:\PanoCrowdCount\data\dataset\images\784.jpg,D:\PanoCrowdCount\data\dataset\json\784.json,D:\PanoCrowdCount\data\dataset\density_maps\784.npy,train
785,274,200-299,D:\PanoCrowdCount\data\dataset\images\785.jpg,D:\PanoCrowdCount\data\dataset\json\785.json,D:\PanoCrowdCount\data\dataset\density_maps\785.npy,train
786,433,300-499,D:\PanoCrowdCount\data\dataset\images\786.jpg,D:\PanoCrowdCount\data\dataset\json\786.json,D:\PanoCrowdCount\data\dataset\density_maps\786.npy,val
787,8,0-49,D:\PanoCrowdCount\data\dataset\images\787.jpg,D:\PanoCrowdCount\data\dataset\json\787.json,D:\PanoCrowdCount\data\dataset\density_maps\787.npy,val
788,114,100-199,D:\PanoCrowdCount\data\dataset\images\788.jpg,D:\PanoCrowdCount\data\dataset\json\788.json,D:\PanoCrowdCount\data\dataset\density_maps\788.npy,train
789,121,100-199,D:\PanoCrowdCount\data\dataset\images\789.jpg,D:\PanoCrowdCount\data\dataset\json\789.json,D:\PanoCrowdCount\data\dataset\density_maps\789.npy,val
79,216,200-299,D:\PanoCrowdCount\data\dataset\images\79.jpg,D:\PanoCrowdCount\data\dataset\json\79.json,D:\PanoCrowdCount\data\dataset\density_maps\79.npy,train
790,161,100-199,D:\PanoCrowdCount\data\dataset\images\790.jpg,D:\PanoCrowdCount\data\dataset\json\790.json,D:\PanoCrowdCount\data\dataset\density_maps\790.npy,train
791,42,0-49,D:\PanoCrowdCount\data\dataset\images\791.jpg,D:\PanoCrowdCount\data\dataset\json\791.json,D:\PanoCrowdCount\data\dataset\density_maps\791.npy,train
792,54,50-99,D:\PanoCrowdCount\data\dataset\images\792.jpg,D:\PanoCrowdCount\data\dataset\json\792.json,D:\PanoCrowdCount\data\dataset\density_maps\792.npy,val
793,106,100-199,D:\PanoCrowdCount\data\dataset\images\793.jpg,D:\PanoCrowdCount\data\dataset\json\793.json,D:\PanoCrowdCount\data\dataset\density_maps\793.npy,train
794,234,200-299,D:\PanoCrowdCount\data\dataset\images\794.jpg,D:\PanoCrowdCount\data\dataset\json\794.json,D:\PanoCrowdCount\data\dataset\density_maps\794.npy,val
795,48,0-49,D:\PanoCrowdCount\data\dataset\images\795.jpg,D:\PanoCrowdCount\data\dataset\json\795.json,D:\PanoCrowdCount\data\dataset\density_maps\795.npy,val
796,243,200-299,D:\PanoCrowdCount\data\dataset\images\796.jpg,D:\PanoCrowdCount\data\dataset\json\796.json,D:\PanoCrowdCount\data\dataset\density_maps\796.npy,train
797,55,50-99,D:\PanoCrowdCount\data\dataset\images\797.jpg,D:\PanoCrowdCount\data\dataset\json\797.json,D:\PanoCrowdCount\data\dataset\density_maps\797.npy,train
798,75,50-99,D:\PanoCrowdCount\data\dataset\images\798.jpg,D:\PanoCrowdCount\data\dataset\json\798.json,D:\PanoCrowdCount\data\dataset\density_maps\798.npy,train
799,88,50-99,D:\PanoCrowdCount\data\dataset\images\799.jpg,D:\PanoCrowdCount\data\dataset\json\799.json,D:\PanoCrowdCount\data\dataset\density_maps\799.npy,train
8,378,300-499,D:\PanoCrowdCount\data\dataset\images\8.jpg,D:\PanoCrowdCount\data\dataset\json\8.json,D:\PanoCrowdCount\data\dataset\density_maps\8.npy,train
80,135,100-199,D:\PanoCrowdCount\data\dataset\images\80.jpg,D:\PanoCrowdCount\data\dataset\json\80.json,D:\PanoCrowdCount\data\dataset\density_maps\80.npy,train
800,161,100-199,D:\PanoCrowdCount\data\dataset\images\800.jpg,D:\PanoCrowdCount\data\dataset\json\800.json,D:\PanoCrowdCount\data\dataset\density_maps\800.npy,val
801,128,100-199,D:\PanoCrowdCount\data\dataset\images\801.jpg,D:\PanoCrowdCount\data\dataset\json\801.json,D:\PanoCrowdCount\data\dataset\density_maps\801.npy,train
802,38,0-49,D:\PanoCrowdCount\data\dataset\images\802.jpg,D:\PanoCrowdCount\data\dataset\json\802.json,D:\PanoCrowdCount\data\dataset\density_maps\802.npy,train
803,37,0-49,D:\PanoCrowdCount\data\dataset\images\803.jpg,D:\PanoCrowdCount\data\dataset\json\803.json,D:\PanoCrowdCount\data\dataset\density_maps\803.npy,train
804,458,300-499,D:\PanoCrowdCount\data\dataset\images\804.jpg,D:\PanoCrowdCount\data\dataset\json\804.json,D:\PanoCrowdCount\data\dataset\density_maps\804.npy,train
805,185,100-199,D:\PanoCrowdCount\data\dataset\images\805.jpg,D:\PanoCrowdCount\data\dataset\json\805.json,D:\PanoCrowdCount\data\dataset\density_maps\805.npy,train
806,11,0-49,D:\PanoCrowdCount\data\dataset\images\806.jpg,D:\PanoCrowdCount\data\dataset\json\806.json,D:\PanoCrowdCount\data\dataset\density_maps\806.npy,val
807,80,50-99,D:\PanoCrowdCount\data\dataset\images\807.jpg,D:\PanoCrowdCount\data\dataset\json\807.json,D:\PanoCrowdCount\data\dataset\density_maps\807.npy,test
808,43,0-49,D:\PanoCrowdCount\data\dataset\images\808.jpg,D:\PanoCrowdCount\data\dataset\json\808.json,D:\PanoCrowdCount\data\dataset\density_maps\808.npy,train
809,178,100-199,D:\PanoCrowdCount\data\dataset\images\809.jpg,D:\PanoCrowdCount\data\dataset\json\809.json,D:\PanoCrowdCount\data\dataset\density_maps\809.npy,train
81,856,500+,D:\PanoCrowdCount\data\dataset\images\81.jpg,D:\PanoCrowdCount\data\dataset\json\81.json,D:\PanoCrowdCount\data\dataset\density_maps\81.npy,train
810,249,200-299,D:\PanoCrowdCount\data\dataset\images\810.jpg,D:\PanoCrowdCount\data\dataset\json\810.json,D:\PanoCrowdCount\data\dataset\density_maps\810.npy,test
811,264,200-299,D:\PanoCrowdCount\data\dataset\images\811.jpg,D:\PanoCrowdCount\data\dataset\json\811.json,D:\PanoCrowdCount\data\dataset\density_maps\811.npy,train
812,137,100-199,D:\PanoCrowdCount\data\dataset\images\812.jpg,D:\PanoCrowdCount\data\dataset\json\812.json,D:\PanoCrowdCount\data\dataset\density_maps\812.npy,train
813,142,100-199,D:\PanoCrowdCount\data\dataset\images\813.jpg,D:\PanoCrowdCount\data\dataset\json\813.json,D:\PanoCrowdCount\data\dataset\density_maps\813.npy,train
814,64,50-99,D:\PanoCrowdCount\data\dataset\images\814.jpg,D:\PanoCrowdCount\data\dataset\json\814.json,D:\PanoCrowdCount\data\dataset\density_maps\814.npy,train
815,45,0-49,D:\PanoCrowdCount\data\dataset\images\815.jpg,D:\PanoCrowdCount\data\dataset\json\815.json,D:\PanoCrowdCount\data\dataset\density_maps\815.npy,train
816,52,50-99,D:\PanoCrowdCount\data\dataset\images\816.jpg,D:\PanoCrowdCount\data\dataset\json\816.json,D:\PanoCrowdCount\data\dataset\density_maps\816.npy,val
817,130,100-199,D:\PanoCrowdCount\data\dataset\images\817.jpg,D:\PanoCrowdCount\data\dataset\json\817.json,D:\PanoCrowdCount\data\dataset\density_maps\817.npy,train
818,55,50-99,D:\PanoCrowdCount\data\dataset\images\818.jpg,D:\PanoCrowdCount\data\dataset\json\818.json,D:\PanoCrowdCount\data\dataset\density_maps\818.npy,train
819,41,0-49,D:\PanoCrowdCount\data\dataset\images\819.jpg,D:\PanoCrowdCount\data\dataset\json\819.json,D:\PanoCrowdCount\data\dataset\density_maps\819.npy,train
82,40,0-49,D:\PanoCrowdCount\data\dataset\images\82.jpg,D:\PanoCrowdCount\data\dataset\json\82.json,D:\PanoCrowdCount\data\dataset\density_maps\82.npy,train
820,29,0-49,D:\PanoCrowdCount\data\dataset\images\820.jpg,D:\PanoCrowdCount\data\dataset\json\820.json,D:\PanoCrowdCount\data\dataset\density_maps\820.npy,val
821,23,0-49,D:\PanoCrowdCount\data\dataset\images\821.jpg,D:\PanoCrowdCount\data\dataset\json\821.json,D:\PanoCrowdCount\data\dataset\density_maps\821.npy,train
822,62,50-99,D:\PanoCrowdCount\data\dataset\images\822.jpg,D:\PanoCrowdCount\data\dataset\json\822.json,D:\PanoCrowdCount\data\dataset\density_maps\822.npy,train
823,81,50-99,D:\PanoCrowdCount\data\dataset\images\823.jpg,D:\PanoCrowdCount\data\dataset\json\823.json,D:\PanoCrowdCount\data\dataset\density_maps\823.npy,train
824,195,100-199,D:\PanoCrowdCount\data\dataset\images\824.jpg,D:\PanoCrowdCount\data\dataset\json\824.json,D:\PanoCrowdCount\data\dataset\density_maps\824.npy,train
825,57,50-99,D:\PanoCrowdCount\data\dataset\images\825.jpg,D:\PanoCrowdCount\data\dataset\json\825.json,D:\PanoCrowdCount\data\dataset\density_maps\825.npy,train
826,47,0-49,D:\PanoCrowdCount\data\dataset\images\826.jpg,D:\PanoCrowdCount\data\dataset\json\826.json,D:\PanoCrowdCount\data\dataset\density_maps\826.npy,train
827,54,50-99,D:\PanoCrowdCount\data\dataset\images\827.jpg,D:\PanoCrowdCount\data\dataset\json\827.json,D:\PanoCrowdCount\data\dataset\density_maps\827.npy,train
828,91,50-99,D:\PanoCrowdCount\data\dataset\images\828.jpg,D:\PanoCrowdCount\data\dataset\json\828.json,D:\PanoCrowdCount\data\dataset\density_maps\828.npy,train
829,190,100-199,D:\PanoCrowdCount\data\dataset\images\829.jpg,D:\PanoCrowdCount\data\dataset\json\829.json,D:\PanoCrowdCount\data\dataset\density_maps\829.npy,test
83,116,100-199,D:\PanoCrowdCount\data\dataset\images\83.jpg,D:\PanoCrowdCount\data\dataset\json\83.json,D:\PanoCrowdCount\data\dataset\density_maps\83.npy,train
830,61,50-99,D:\PanoCrowdCount\data\dataset\images\830.jpg,D:\PanoCrowdCount\data\dataset\json\830.json,D:\PanoCrowdCount\data\dataset\density_maps\830.npy,train
831,85,50-99,D:\PanoCrowdCount\data\dataset\images\831.jpg,D:\PanoCrowdCount\data\dataset\json\831.json,D:\PanoCrowdCount\data\dataset\density_maps\831.npy,train
832,200,200-299,D:\PanoCrowdCount\data\dataset\images\832.jpg,D:\PanoCrowdCount\data\dataset\json\832.json,D:\PanoCrowdCount\data\dataset\density_maps\832.npy,train
833,123,100-199,D:\PanoCrowdCount\data\dataset\images\833.jpg,D:\PanoCrowdCount\data\dataset\json\833.json,D:\PanoCrowdCount\data\dataset\density_maps\833.npy,test
834,48,0-49,D:\PanoCrowdCount\data\dataset\images\834.jpg,D:\PanoCrowdCount\data\dataset\json\834.json,D:\PanoCrowdCount\data\dataset\density_maps\834.npy,train
835,50,50-99,D:\PanoCrowdCount\data\dataset\images\835.jpg,D:\PanoCrowdCount\data\dataset\json\835.json,D:\PanoCrowdCount\data\dataset\density_maps\835.npy,val
836,48,0-49,D:\PanoCrowdCount\data\dataset\images\836.jpg,D:\PanoCrowdCount\data\dataset\json\836.json,D:\PanoCrowdCount\data\dataset\density_maps\836.npy,train
837,109,100-199,D:\PanoCrowdCount\data\dataset\images\837.jpg,D:\PanoCrowdCount\data\dataset\json\837.json,D:\PanoCrowdCount\data\dataset\density_maps\837.npy,train
838,449,300-499,D:\PanoCrowdCount\data\dataset\images\838.jpg,D:\PanoCrowdCount\data\dataset\json\838.json,D:\PanoCrowdCount\data\dataset\density_maps\838.npy,train
839,48,0-49,D:\PanoCrowdCount\data\dataset\images\839.jpg,D:\PanoCrowdCount\data\dataset\json\839.json,D:\PanoCrowdCount\data\dataset\density_maps\839.npy,train
84,31,0-49,D:\PanoCrowdCount\data\dataset\images\84.jpg,D:\PanoCrowdCount\data\dataset\json\84.json,D:\PanoCrowdCount\data\dataset\density_maps\84.npy,train
840,44,0-49,D:\PanoCrowdCount\data\dataset\images\840.jpg,D:\PanoCrowdCount\data\dataset\json\840.json,D:\PanoCrowdCount\data\dataset\density_maps\840.npy,train
841,188,100-199,D:\PanoCrowdCount\data\dataset\images\841.jpg,D:\PanoCrowdCount\data\dataset\json\841.json,D:\PanoCrowdCount\data\dataset\density_maps\841.npy,test
842,116,100-199,D:\PanoCrowdCount\data\dataset\images\842.jpg,D:\PanoCrowdCount\data\dataset\json\842.json,D:\PanoCrowdCount\data\dataset\density_maps\842.npy,train
843,47,0-49,D:\PanoCrowdCount\data\dataset\images\843.jpg,D:\PanoCrowdCount\data\dataset\json\843.json,D:\PanoCrowdCount\data\dataset\density_maps\843.npy,val
844,165,100-199,D:\PanoCrowdCount\data\dataset\images\844.jpg,D:\PanoCrowdCount\data\dataset\json\844.json,D:\PanoCrowdCount\data\dataset\density_maps\844.npy,train
845,44,0-49,D:\PanoCrowdCount\data\dataset\images\845.jpg,D:\PanoCrowdCount\data\dataset\json\845.json,D:\PanoCrowdCount\data\dataset\density_maps\845.npy,val
846,34,0-49,D:\PanoCrowdCount\data\dataset\images\846.jpg,D:\PanoCrowdCount\data\dataset\json\846.json,D:\PanoCrowdCount\data\dataset\density_maps\846.npy,val
847,21,0-49,D:\PanoCrowdCount\data\dataset\images\847.jpg,D:\PanoCrowdCount\data\dataset\json\847.json,D:\PanoCrowdCount\data\dataset\density_maps\847.npy,train
848,397,300-499,D:\PanoCrowdCount\data\dataset\images\848.jpg,D:\PanoCrowdCount\data\dataset\json\848.json,D:\PanoCrowdCount\data\dataset\density_maps\848.npy,val
849,68,50-99,D:\PanoCrowdCount\data\dataset\images\849.jpg,D:\PanoCrowdCount\data\dataset\json\849.json,D:\PanoCrowdCount\data\dataset\density_maps\849.npy,train
85,68,50-99,D:\PanoCrowdCount\data\dataset\images\85.jpg,D:\PanoCrowdCount\data\dataset\json\85.json,D:\PanoCrowdCount\data\dataset\density_maps\85.npy,val
850,165,100-199,D:\PanoCrowdCount\data\dataset\images\850.jpg,D:\PanoCrowdCount\data\dataset\json\850.json,D:\PanoCrowdCount\data\dataset\density_maps\850.npy,val
851,33,0-49,D:\PanoCrowdCount\data\dataset\images\851.jpg,D:\PanoCrowdCount\data\dataset\json\851.json,D:\PanoCrowdCount\data\dataset\density_maps\851.npy,test
852,42,0-49,D:\PanoCrowdCount\data\dataset\images\852.jpg,D:\PanoCrowdCount\data\dataset\json\852.json,D:\PanoCrowdCount\data\dataset\density_maps\852.npy,train
853,55,50-99,D:\PanoCrowdCount\data\dataset\images\853.jpg,D:\PanoCrowdCount\data\dataset\json\853.json,D:\PanoCrowdCount\data\dataset\density_maps\853.npy,test
854,24,0-49,D:\PanoCrowdCount\data\dataset\images\854.jpg,D:\PanoCrowdCount\data\dataset\json\854.json,D:\PanoCrowdCount\data\dataset\density_maps\854.npy,train
855,349,300-499,D:\PanoCrowdCount\data\dataset\images\855.jpg,D:\PanoCrowdCount\data\dataset\json\855.json,D:\PanoCrowdCount\data\dataset\density_maps\855.npy,train
856,161,100-199,D:\PanoCrowdCount\data\dataset\images\856.jpg,D:\PanoCrowdCount\data\dataset\json\856.json,D:\PanoCrowdCount\data\dataset\density_maps\856.npy,train
857,42,0-49,D:\PanoCrowdCount\data\dataset\images\857.jpg,D:\PanoCrowdCount\data\dataset\json\857.json,D:\PanoCrowdCount\data\dataset\density_maps\857.npy,val
858,93,50-99,D:\PanoCrowdCount\data\dataset\images\858.jpg,D:\PanoCrowdCount\data\dataset\json\858.json,D:\PanoCrowdCount\data\dataset\density_maps\858.npy,val
859,51,50-99,D:\PanoCrowdCount\data\dataset\images\859.jpg,D:\PanoCrowdCount\data\dataset\json\859.json,D:\PanoCrowdCount\data\dataset\density_maps\859.npy,train
86,101,100-199,D:\PanoCrowdCount\data\dataset\images\86.jpg,D:\PanoCrowdCount\data\dataset\json\86.json,D:\PanoCrowdCount\data\dataset\density_maps\86.npy,train
860,119,100-199,D:\PanoCrowdCount\data\dataset\images\860.jpg,D:\PanoCrowdCount\data\dataset\json\860.json,D:\PanoCrowdCount\data\dataset\density_maps\860.npy,train
861,83,50-99,D:\PanoCrowdCount\data\dataset\images\861.jpg,D:\PanoCrowdCount\data\dataset\json\861.json,D:\PanoCrowdCount\data\dataset\density_maps\861.npy,train
862,313,300-499,D:\PanoCrowdCount\data\dataset\images\862.jpg,D:\PanoCrowdCount\data\dataset\json\862.json,D:\PanoCrowdCount\data\dataset\density_maps\862.npy,val
863,456,300-499,D:\PanoCrowdCount\data\dataset\images\863.jpg,D:\PanoCrowdCount\data\dataset\json\863.json,D:\PanoCrowdCount\data\dataset\density_maps\863.npy,train
864,167,100-199,D:\PanoCrowdCount\data\dataset\images\864.jpg,D:\PanoCrowdCount\data\dataset\json\864.json,D:\PanoCrowdCount\data\dataset\density_maps\864.npy,train
865,145,100-199,D:\PanoCrowdCount\data\dataset\images\865.jpg,D:\PanoCrowdCount\data\dataset\json\865.json,D:\PanoCrowdCount\data\dataset\density_maps\865.npy,train
866,75,50-99,D:\PanoCrowdCount\data\dataset\images\866.jpg,D:\PanoCrowdCount\data\dataset\json\866.json,D:\PanoCrowdCount\data\dataset\density_maps\866.npy,train
867,48,0-49,D:\PanoCrowdCount\data\dataset\images\867.jpg,D:\PanoCrowdCount\data\dataset\json\867.json,D:\PanoCrowdCount\data\dataset\density_maps\867.npy,train
868,160,100-199,D:\PanoCrowdCount\data\dataset\images\868.jpg,D:\PanoCrowdCount\data\dataset\json\868.json,D:\PanoCrowdCount\data\dataset\density_maps\868.npy,test
869,148,100-199,D:\PanoCrowdCount\data\dataset\images\869.jpg,D:\PanoCrowdCount\data\dataset\json\869.json,D:\PanoCrowdCount\data\dataset\density_maps\869.npy,train
87,286,200-299,D:\PanoCrowdCount\data\dataset\images\87.jpg,D:\PanoCrowdCount\data\dataset\json\87.json,D:\PanoCrowdCount\data\dataset\density_maps\87.npy,train
870,39,0-49,D:\PanoCrowdCount\data\dataset\images\870.jpg,D:\PanoCrowdCount\data\dataset\json\870.json,D:\PanoCrowdCount\data\dataset\density_maps\870.npy,train
871,111,100-199,D:\PanoCrowdCount\data\dataset\images\871.jpg,D:\PanoCrowdCount\data\dataset\json\871.json,D:\PanoCrowdCount\data\dataset\density_maps\871.npy,train
872,51,50-99,D:\PanoCrowdCount\data\dataset\images\872.jpg,D:\PanoCrowdCount\data\dataset\json\872.json,D:\PanoCrowdCount\data\dataset\density_maps\872.npy,val
873,83,50-99,D:\PanoCrowdCount\data\dataset\images\873.jpg,D:\PanoCrowdCount\data\dataset\json\873.json,D:\PanoCrowdCount\data\dataset\density_maps\873.npy,train
874,47,0-49,D:\PanoCrowdCount\data\dataset\images\874.jpg,D:\PanoCrowdCount\data\dataset\json\874.json,D:\PanoCrowdCount\data\dataset\density_maps\874.npy,val
875,42,0-49,D:\PanoCrowdCount\data\dataset\images\875.jpg,D:\PanoCrowdCount\data\dataset\json\875.json,D:\PanoCrowdCount\data\dataset\density_maps\875.npy,val
876,40,0-49,D:\PanoCrowdCount\data\dataset\images\876.jpg,D:\PanoCrowdCount\data\dataset\json\876.json,D:\PanoCrowdCount\data\dataset\density_maps\876.npy,train
877,57,50-99,D:\PanoCrowdCount\data\dataset\images\877.jpg,D:\PanoCrowdCount\data\dataset\json\877.json,D:\PanoCrowdCount\data\dataset\density_maps\877.npy,val
878,40,0-49,D:\PanoCrowdCount\data\dataset\images\878.jpg,D:\PanoCrowdCount\data\dataset\json\878.json,D:\PanoCrowdCount\data\dataset\density_maps\878.npy,train
879,90,50-99,D:\PanoCrowdCount\data\dataset\images\879.jpg,D:\PanoCrowdCount\data\dataset\json\879.json,D:\PanoCrowdCount\data\dataset\density_maps\879.npy,train
88,113,100-199,D:\PanoCrowdCount\data\dataset\images\88.jpg,D:\PanoCrowdCount\data\dataset\json\88.json,D:\PanoCrowdCount\data\dataset\density_maps\88.npy,train
880,232,200-299,D:\PanoCrowdCount\data\dataset\images\880.jpg,D:\PanoCrowdCount\data\dataset\json\880.json,D:\PanoCrowdCount\data\dataset\density_maps\880.npy,test
881,405,300-499,D:\PanoCrowdCount\data\dataset\images\881.jpg,D:\PanoCrowdCount\data\dataset\json\881.json,D:\PanoCrowdCount\data\dataset\density_maps\881.npy,val
882,188,100-199,D:\PanoCrowdCount\data\dataset\images\882.jpg,D:\PanoCrowdCount\data\dataset\json\882.json,D:\PanoCrowdCount\data\dataset\density_maps\882.npy,val
883,199,100-199,D:\PanoCrowdCount\data\dataset\images\883.jpg,D:\PanoCrowdCount\data\dataset\json\883.json,D:\PanoCrowdCount\data\dataset\density_maps\883.npy,train
884,675,500+,D:\PanoCrowdCount\data\dataset\images\884.jpg,D:\PanoCrowdCount\data\dataset\json\884.json,D:\PanoCrowdCount\data\dataset\density_maps\884.npy,train
885,113,100-199,D:\PanoCrowdCount\data\dataset\images\885.jpg,D:\PanoCrowdCount\data\dataset\json\885.json,D:\PanoCrowdCount\data\dataset\density_maps\885.npy,train
886,290,200-299,D:\PanoCrowdCount\data\dataset\images\886.jpg,D:\PanoCrowdCount\data\dataset\json\886.json,D:\PanoCrowdCount\data\dataset\density_maps\886.npy,train
887,51,50-99,D:\PanoCrowdCount\data\dataset\images\887.jpg,D:\PanoCrowdCount\data\dataset\json\887.json,D:\PanoCrowdCount\data\dataset\density_maps\887.npy,train
888,77,50-99,D:\PanoCrowdCount\data\dataset\images\888.jpg,D:\PanoCrowdCount\data\dataset\json\888.json,D:\PanoCrowdCount\data\dataset\density_maps\888.npy,train
889,131,100-199,D:\PanoCrowdCount\data\dataset\images\889.jpg,D:\PanoCrowdCount\data\dataset\json\889.json,D:\PanoCrowdCount\data\dataset\density_maps\889.npy,train
89,131,100-199,D:\PanoCrowdCount\data\dataset\images\89.jpg,D:\PanoCrowdCount\data\dataset\json\89.json,D:\PanoCrowdCount\data\dataset\density_maps\89.npy,train
890,41,0-49,D:\PanoCrowdCount\data\dataset\images\890.jpg,D:\PanoCrowdCount\data\dataset\json\890.json,D:\PanoCrowdCount\data\dataset\density_maps\890.npy,train
891,136,100-199,D:\PanoCrowdCount\data\dataset\images\891.jpg,D:\PanoCrowdCount\data\dataset\json\891.json,D:\PanoCrowdCount\data\dataset\density_maps\891.npy,val
892,176,100-199,D:\PanoCrowdCount\data\dataset\images\892.jpg,D:\PanoCrowdCount\data\dataset\json\892.json,D:\PanoCrowdCount\data\dataset\density_maps\892.npy,train
893,45,0-49,D:\PanoCrowdCount\data\dataset\images\893.jpg,D:\PanoCrowdCount\data\dataset\json\893.json,D:\PanoCrowdCount\data\dataset\density_maps\893.npy,val
894,152,100-199,D:\PanoCrowdCount\data\dataset\images\894.jpg,D:\PanoCrowdCount\data\dataset\json\894.json,D:\PanoCrowdCount\data\dataset\density_maps\894.npy,test
895,10,0-49,D:\PanoCrowdCount\data\dataset\images\895.jpg,D:\PanoCrowdCount\data\dataset\json\895.json,D:\PanoCrowdCount\data\dataset\density_maps\895.npy,test
896,169,100-199,D:\PanoCrowdCount\data\dataset\images\896.jpg,D:\PanoCrowdCount\data\dataset\json\896.json,D:\PanoCrowdCount\data\dataset\density_maps\896.npy,train
897,95,50-99,D:\PanoCrowdCount\data\dataset\images\897.jpg,D:\PanoCrowdCount\data\dataset\json\897.json,D:\PanoCrowdCount\data\dataset\density_maps\897.npy,train
898,102,100-199,D:\PanoCrowdCount\data\dataset\images\898.jpg,D:\PanoCrowdCount\data\dataset\json\898.json,D:\PanoCrowdCount\data\dataset\density_maps\898.npy,train
899,47,0-49,D:\PanoCrowdCount\data\dataset\images\899.jpg,D:\PanoCrowdCount\data\dataset\json\899.json,D:\PanoCrowdCount\data\dataset\density_maps\899.npy,val
9,75,50-99,D:\PanoCrowdCount\data\dataset\images\9.jpg,D:\PanoCrowdCount\data\dataset\json\9.json,D:\PanoCrowdCount\data\dataset\density_maps\9.npy,train
90,54,50-99,D:\PanoCrowdCount\data\dataset\images\90.jpg,D:\PanoCrowdCount\data\dataset\json\90.json,D:\PanoCrowdCount\data\dataset\density_maps\90.npy,train
900,49,0-49,D:\PanoCrowdCount\data\dataset\images\900.jpg,D:\PanoCrowdCount\data\dataset\json\900.json,D:\PanoCrowdCount\data\dataset\density_maps\900.npy,train
901,50,50-99,D:\PanoCrowdCount\data\dataset\images\901.jpg,D:\PanoCrowdCount\data\dataset\json\901.json,D:\PanoCrowdCount\data\dataset\density_maps\901.npy,train
902,79,50-99,D:\PanoCrowdCount\data\dataset\images\902.jpg,D:\PanoCrowdCount\data\dataset\json\902.json,D:\PanoCrowdCount\data\dataset\density_maps\902.npy,train
903,172,100-199,D:\PanoCrowdCount\data\dataset\images\903.jpg,D:\PanoCrowdCount\data\dataset\json\903.json,D:\PanoCrowdCount\data\dataset\density_maps\903.npy,train
904,80,50-99,D:\PanoCrowdCount\data\dataset\images\904.jpg,D:\PanoCrowdCount\data\dataset\json\904.json,D:\PanoCrowdCount\data\dataset\density_maps\904.npy,train
905,58,50-99,D:\PanoCrowdCount\data\dataset\images\905.jpg,D:\PanoCrowdCount\data\dataset\json\905.json,D:\PanoCrowdCount\data\dataset\density_maps\905.npy,train
906,321,300-499,D:\PanoCrowdCount\data\dataset\images\906.jpg,D:\PanoCrowdCount\data\dataset\json\906.json,D:\PanoCrowdCount\data\dataset\density_maps\906.npy,train
907,76,50-99,D:\PanoCrowdCount\data\dataset\images\907.jpg,D:\PanoCrowdCount\data\dataset\json\907.json,D:\PanoCrowdCount\data\dataset\density_maps\907.npy,train
908,137,100-199,D:\PanoCrowdCount\data\dataset\images\908.jpg,D:\PanoCrowdCount\data\dataset\json\908.json,D:\PanoCrowdCount\data\dataset\density_maps\908.npy,train
909,105,100-199,D:\PanoCrowdCount\data\dataset\images\909.jpg,D:\PanoCrowdCount\data\dataset\json\909.json,D:\PanoCrowdCount\data\dataset\density_maps\909.npy,train
91,59,50-99,D:\PanoCrowdCount\data\dataset\images\91.jpg,D:\PanoCrowdCount\data\dataset\json\91.json,D:\PanoCrowdCount\data\dataset\density_maps\91.npy,train
910,427,300-499,D:\PanoCrowdCount\data\dataset\images\910.jpg,D:\PanoCrowdCount\data\dataset\json\910.json,D:\PanoCrowdCount\data\dataset\density_maps\910.npy,train
911,96,50-99,D:\PanoCrowdCount\data\dataset\images\911.jpg,D:\PanoCrowdCount\data\dataset\json\911.json,D:\PanoCrowdCount\data\dataset\density_maps\911.npy,val
912,291,200-299,D:\PanoCrowdCount\data\dataset\images\912.jpg,D:\PanoCrowdCount\data\dataset\json\912.json,D:\PanoCrowdCount\data\dataset\density_maps\912.npy,val
913,81,50-99,D:\PanoCrowdCount\data\dataset\images\913.jpg,D:\PanoCrowdCount\data\dataset\json\913.json,D:\PanoCrowdCount\data\dataset\density_maps\913.npy,train
914,355,300-499,D:\PanoCrowdCount\data\dataset\images\914.jpg,D:\PanoCrowdCount\data\dataset\json\914.json,D:\PanoCrowdCount\data\dataset\density_maps\914.npy,train
915,103,100-199,D:\PanoCrowdCount\data\dataset\images\915.jpg,D:\PanoCrowdCount\data\dataset\json\915.json,D:\PanoCrowdCount\data\dataset\density_maps\915.npy,val
916,77,50-99,D:\PanoCrowdCount\data\dataset\images\916.jpg,D:\PanoCrowdCount\data\dataset\json\916.json,D:\PanoCrowdCount\data\dataset\density_maps\916.npy,train
917,95,50-99,D:\PanoCrowdCount\data\dataset\images\917.jpg,D:\PanoCrowdCount\data\dataset\json\917.json,D:\PanoCrowdCount\data\dataset\density_maps\917.npy,test
918,12,0-49,D:\PanoCrowdCount\data\dataset\images\918.jpg,D:\PanoCrowdCount\data\dataset\json\918.json,D:\PanoCrowdCount\data\dataset\density_maps\918.npy,train
919,247,200-299,D:\PanoCrowdCount\data\dataset\images\919.jpg,D:\PanoCrowdCount\data\dataset\json\919.json,D:\PanoCrowdCount\data\dataset\density_maps\919.npy,train
92,252,200-299,D:\PanoCrowdCount\data\dataset\images\92.jpg,D:\PanoCrowdCount\data\dataset\json\92.json,D:\PanoCrowdCount\data\dataset\density_maps\92.npy,train
920,175,100-199,D:\PanoCrowdCount\data\dataset\images\920.jpg,D:\PanoCrowdCount\data\dataset\json\920.json,D:\PanoCrowdCount\data\dataset\density_maps\920.npy,train
921,312,300-499,D:\PanoCrowdCount\data\dataset\images\921.jpg,D:\PanoCrowdCount\data\dataset\json\921.json,D:\PanoCrowdCount\data\dataset\density_maps\921.npy,train
922,83,50-99,D:\PanoCrowdCount\data\dataset\images\922.jpg,D:\PanoCrowdCount\data\dataset\json\922.json,D:\PanoCrowdCount\data\dataset\density_maps\922.npy,train
923,46,0-49,D:\PanoCrowdCount\data\dataset\images\923.jpg,D:\PanoCrowdCount\data\dataset\json\923.json,D:\PanoCrowdCount\data\dataset\density_maps\923.npy,train
924,178,100-199,D:\PanoCrowdCount\data\dataset\images\924.jpg,D:\PanoCrowdCount\data\dataset\json\924.json,D:\PanoCrowdCount\data\dataset\density_maps\924.npy,train
925,102,100-199,D:\PanoCrowdCount\data\dataset\images\925.jpg,D:\PanoCrowdCount\data\dataset\json\925.json,D:\PanoCrowdCount\data\dataset\density_maps\925.npy,train
926,8,0-49,D:\PanoCrowdCount\data\dataset\images\926.jpg,D:\PanoCrowdCount\data\dataset\json\926.json,D:\PanoCrowdCount\data\dataset\density_maps\926.npy,train
927,569,500+,D:\PanoCrowdCount\data\dataset\images\927.jpg,D:\PanoCrowdCount\data\dataset\json\927.json,D:\PanoCrowdCount\data\dataset\density_maps\927.npy,train
928,16,0-49,D:\PanoCrowdCount\data\dataset\images\928.jpg,D:\PanoCrowdCount\data\dataset\json\928.json,D:\PanoCrowdCount\data\dataset\density_maps\928.npy,val
929,241,200-299,D:\PanoCrowdCount\data\dataset\images\929.jpg,D:\PanoCrowdCount\data\dataset\json\929.json,D:\PanoCrowdCount\data\dataset\density_maps\929.npy,train
93,543,500+,D:\PanoCrowdCount\data\dataset\images\93.jpg,D:\PanoCrowdCount\data\dataset\json\93.json,D:\PanoCrowdCount\data\dataset\density_maps\93.npy,train
930,103,100-199,D:\PanoCrowdCount\data\dataset\images\930.jpg,D:\PanoCrowdCount\data\dataset\json\930.json,D:\PanoCrowdCount\data\dataset\density_maps\930.npy,train
931,209,200-299,D:\PanoCrowdCount\data\dataset\images\931.jpg,D:\PanoCrowdCount\data\dataset\json\931.json,D:\PanoCrowdCount\data\dataset\density_maps\931.npy,val
932,37,0-49,D:\PanoCrowdCount\data\dataset\images\932.jpg,D:\PanoCrowdCount\data\dataset\json\932.json,D:\PanoCrowdCount\data\dataset\density_maps\932.npy,test
933,132,100-199,D:\PanoCrowdCount\data\dataset\images\933.jpg,D:\PanoCrowdCount\data\dataset\json\933.json,D:\PanoCrowdCount\data\dataset\density_maps\933.npy,val
934,51,50-99,D:\PanoCrowdCount\data\dataset\images\934.jpg,D:\PanoCrowdCount\data\dataset\json\934.json,D:\PanoCrowdCount\data\dataset\density_maps\934.npy,val
935,30,0-49,D:\PanoCrowdCount\data\dataset\images\935.jpg,D:\PanoCrowdCount\data\dataset\json\935.json,D:\PanoCrowdCount\data\dataset\density_maps\935.npy,train
936,47,0-49,D:\PanoCrowdCount\data\dataset\images\936.jpg,D:\PanoCrowdCount\data\dataset\json\936.json,D:\PanoCrowdCount\data\dataset\density_maps\936.npy,test
937,139,100-199,D:\PanoCrowdCount\data\dataset\images\937.jpg,D:\PanoCrowdCount\data\dataset\json\937.json,D:\PanoCrowdCount\data\dataset\density_maps\937.npy,val
938,16,0-49,D:\PanoCrowdCount\data\dataset\images\938.jpg,D:\PanoCrowdCount\data\dataset\json\938.json,D:\PanoCrowdCount\data\dataset\density_maps\938.npy,train
939,167,100-199,D:\PanoCrowdCount\data\dataset\images\939.jpg,D:\PanoCrowdCount\data\dataset\json\939.json,D:\PanoCrowdCount\data\dataset\density_maps\939.npy,val
94,16,0-49,D:\PanoCrowdCount\data\dataset\images\94.jpg,D:\PanoCrowdCount\data\dataset\json\94.json,D:\PanoCrowdCount\data\dataset\density_maps\94.npy,val
940,370,300-499,D:\PanoCrowdCount\data\dataset\images\940.jpg,D:\PanoCrowdCount\data\dataset\json\940.json,D:\PanoCrowdCount\data\dataset\density_maps\940.npy,train
941,770,500+,D:\PanoCrowdCount\data\dataset\images\941.jpg,D:\PanoCrowdCount\data\dataset\json\941.json,D:\PanoCrowdCount\data\dataset\density_maps\941.npy,train
942,189,100-199,D:\PanoCrowdCount\data\dataset\images\942.jpg,D:\PanoCrowdCount\data\dataset\json\942.json,D:\PanoCrowdCount\data\dataset\density_maps\942.npy,train
943,113,100-199,D:\PanoCrowdCount\data\dataset\images\943.jpg,D:\PanoCrowdCount\data\dataset\json\943.json,D:\PanoCrowdCount\data\dataset\density_maps\943.npy,train
944,50,50-99,D:\PanoCrowdCount\data\dataset\images\944.jpg,D:\PanoCrowdCount\data\dataset\json\944.json,D:\PanoCrowdCount\data\dataset\density_maps\944.npy,train
945,26,0-49,D:\PanoCrowdCount\data\dataset\images\945.jpg,D:\PanoCrowdCount\data\dataset\json\945.json,D:\PanoCrowdCount\data\dataset\density_maps\945.npy,train
946,117,100-199,D:\PanoCrowdCount\data\dataset\images\946.jpg,D:\PanoCrowdCount\data\dataset\json\946.json,D:\PanoCrowdCount\data\dataset\density_maps\946.npy,train
947,46,0-49,D:\PanoCrowdCount\data\dataset\images\947.jpg,D:\PanoCrowdCount\data\dataset\json\947.json,D:\PanoCrowdCount\data\dataset\density_maps\947.npy,train
948,22,0-49,D:\PanoCrowdCount\data\dataset\images\948.jpg,D:\PanoCrowdCount\data\dataset\json\948.json,D:\PanoCrowdCount\data\dataset\density_maps\948.npy,val
949,37,0-49,D:\PanoCrowdCount\data\dataset\images\949.jpg,D:\PanoCrowdCount\data\dataset\json\949.json,D:\PanoCrowdCount\data\dataset\density_maps\949.npy,train
95,7,0-49,D:\PanoCrowdCount\data\dataset\images\95.jpg,D:\PanoCrowdCount\data\dataset\json\95.json,D:\PanoCrowdCount\data\dataset\density_maps\95.npy,test
950,49,0-49,D:\PanoCrowdCount\data\dataset\images\950.jpg,D:\PanoCrowdCount\data\dataset\json\950.json,D:\PanoCrowdCount\data\dataset\density_maps\950.npy,train
951,55,50-99,D:\PanoCrowdCount\data\dataset\images\951.jpg,D:\PanoCrowdCount\data\dataset\json\951.json,D:\PanoCrowdCount\data\dataset\density_maps\951.npy,train
952,107,100-199,D:\PanoCrowdCount\data\dataset\images\952.jpg,D:\PanoCrowdCount\data\dataset\json\952.json,D:\PanoCrowdCount\data\dataset\density_maps\952.npy,val
953,180,100-199,D:\PanoCrowdCount\data\dataset\images\953.jpg,D:\PanoCrowdCount\data\dataset\json\953.json,D:\PanoCrowdCount\data\dataset\density_maps\953.npy,train
954,13,0-49,D:\PanoCrowdCount\data\dataset\images\954.jpg,D:\PanoCrowdCount\data\dataset\json\954.json,D:\PanoCrowdCount\data\dataset\density_maps\954.npy,train
955,120,100-199,D:\PanoCrowdCount\data\dataset\images\955.jpg,D:\PanoCrowdCount\data\dataset\json\955.json,D:\PanoCrowdCount\data\dataset\density_maps\955.npy,val
956,161,100-199,D:\PanoCrowdCount\data\dataset\images\956.jpg,D:\PanoCrowdCount\data\dataset\json\956.json,D:\PanoCrowdCount\data\dataset\density_maps\956.npy,train
957,48,0-49,D:\PanoCrowdCount\data\dataset\images\957.jpg,D:\PanoCrowdCount\data\dataset\json\957.json,D:\PanoCrowdCount\data\dataset\density_maps\957.npy,train
958,58,50-99,D:\PanoCrowdCount\data\dataset\images\958.jpg,D:\PanoCrowdCount\data\dataset\json\958.json,D:\PanoCrowdCount\data\dataset\density_maps\958.npy,train
959,97,50-99,D:\PanoCrowdCount\data\dataset\images\959.jpg,D:\PanoCrowdCount\data\dataset\json\959.json,D:\PanoCrowdCount\data\dataset\density_maps\959.npy,train
96,294,200-299,D:\PanoCrowdCount\data\dataset\images\96.jpg,D:\PanoCrowdCount\data\dataset\json\96.json,D:\PanoCrowdCount\data\dataset\density_maps\96.npy,val
960,100,100-199,D:\PanoCrowdCount\data\dataset\images\960.jpg,D:\PanoCrowdCount\data\dataset\json\960.json,D:\PanoCrowdCount\data\dataset\density_maps\960.npy,train
961,89,50-99,D:\PanoCrowdCount\data\dataset\images\961.jpg,D:\PanoCrowdCount\data\dataset\json\961.json,D:\PanoCrowdCount\data\dataset\density_maps\961.npy,val
962,46,0-49,D:\PanoCrowdCount\data\dataset\images\962.jpg,D:\PanoCrowdCount\data\dataset\json\962.json,D:\PanoCrowdCount\data\dataset\density_maps\962.npy,train
963,201,200-299,D:\PanoCrowdCount\data\dataset\images\963.jpg,D:\PanoCrowdCount\data\dataset\json\963.json,D:\PanoCrowdCount\data\dataset\density_maps\963.npy,val
964,368,300-499,D:\PanoCrowdCount\data\dataset\images\964.jpg,D:\PanoCrowdCount\data\dataset\json\964.json,D:\PanoCrowdCount\data\dataset\density_maps\964.npy,train
965,76,50-99,D:\PanoCrowdCount\data\dataset\images\965.jpg,D:\PanoCrowdCount\data\dataset\json\965.json,D:\PanoCrowdCount\data\dataset\density_maps\965.npy,val
966,98,50-99,D:\PanoCrowdCount\data\dataset\images\966.jpg,D:\PanoCrowdCount\data\dataset\json\966.json,D:\PanoCrowdCount\data\dataset\density_maps\966.npy,train
967,339,300-499,D:\PanoCrowdCount\data\dataset\images\967.jpg,D:\PanoCrowdCount\data\dataset\json\967.json,D:\PanoCrowdCount\data\dataset\density_maps\967.npy,train
968,31,0-49,D:\PanoCrowdCount\data\dataset\images\968.jpg,D:\PanoCrowdCount\data\dataset\json\968.json,D:\PanoCrowdCount\data\dataset\density_maps\968.npy,test
969,517,500+,D:\PanoCrowdCount\data\dataset\images\969.jpg,D:\PanoCrowdCount\data\dataset\json\969.json,D:\PanoCrowdCount\data\dataset\density_maps\969.npy,val
97,127,100-199,D:\PanoCrowdCount\data\dataset\images\97.jpg,D:\PanoCrowdCount\data\dataset\json\97.json,D:\PanoCrowdCount\data\dataset\density_maps\97.npy,val
970,99,50-99,D:\PanoCrowdCount\data\dataset\images\970.jpg,D:\PanoCrowdCount\data\dataset\json\970.json,D:\PanoCrowdCount\data\dataset\density_maps\970.npy,train
971,41,0-49,D:\PanoCrowdCount\data\dataset\images\971.jpg,D:\PanoCrowdCount\data\dataset\json\971.json,D:\PanoCrowdCount\data\dataset\density_maps\971.npy,train
972,36,0-49,D:\PanoCrowdCount\data\dataset\images\972.jpg,D:\PanoCrowdCount\data\dataset\json\972.json,D:\PanoCrowdCount\data\dataset\density_maps\972.npy,train
973,20,0-49,D:\PanoCrowdCount\data\dataset\images\973.jpg,D:\PanoCrowdCount\data\dataset\json\973.json,D:\PanoCrowdCount\data\dataset\density_maps\973.npy,train
974,39,0-49,D:\PanoCrowdCount\data\dataset\images\974.jpg,D:\PanoCrowdCount\data\dataset\json\974.json,D:\PanoCrowdCount\data\dataset\density_maps\974.npy,val
975,29,0-49,D:\PanoCrowdCount\data\dataset\images\975.jpg,D:\PanoCrowdCount\data\dataset\json\975.json,D:\PanoCrowdCount\data\dataset\density_maps\975.npy,train
976,46,0-49,D:\PanoCrowdCount\data\dataset\images\976.jpg,D:\PanoCrowdCount\data\dataset\json\976.json,D:\PanoCrowdCount\data\dataset\density_maps\976.npy,train
977,35,0-49,D:\PanoCrowdCount\data\dataset\images\977.jpg,D:\PanoCrowdCount\data\dataset\json\977.json,D:\PanoCrowdCount\data\dataset\density_maps\977.npy,test
978,85,50-99,D:\PanoCrowdCount\data\dataset\images\978.jpg,D:\PanoCrowdCount\data\dataset\json\978.json,D:\PanoCrowdCount\data\dataset\density_maps\978.npy,test
979,108,100-199,D:\PanoCrowdCount\data\dataset\images\979.jpg,D:\PanoCrowdCount\data\dataset\json\979.json,D:\PanoCrowdCount\data\dataset\density_maps\979.npy,train
98,70,50-99,D:\PanoCrowdCount\data\dataset\images\98.jpg,D:\PanoCrowdCount\data\dataset\json\98.json,D:\PanoCrowdCount\data\dataset\density_maps\98.npy,train
980,70,50-99,D:\PanoCrowdCount\data\dataset\images\980.jpg,D:\PanoCrowdCount\data\dataset\json\980.json,D:\PanoCrowdCount\data\dataset\density_maps\980.npy,train
981,169,100-199,D:\PanoCrowdCount\data\dataset\images\981.jpg,D:\PanoCrowdCount\data\dataset\json\981.json,D:\PanoCrowdCount\data\dataset\density_maps\981.npy,val
982,92,50-99,D:\PanoCrowdCount\data\dataset\images\982.jpg,D:\PanoCrowdCount\data\dataset\json\982.json,D:\PanoCrowdCount\data\dataset\density_maps\982.npy,train
983,48,0-49,D:\PanoCrowdCount\data\dataset\images\983.jpg,D:\PanoCrowdCount\data\dataset\json\983.json,D:\PanoCrowdCount\data\dataset\density_maps\983.npy,train
984,54,50-99,D:\PanoCrowdCount\data\dataset\images\984.jpg,D:\PanoCrowdCount\data\dataset\json\984.json,D:\PanoCrowdCount\data\dataset\density_maps\984.npy,test
985,42,0-49,D:\PanoCrowdCount\data\dataset\images\985.jpg,D:\PanoCrowdCount\data\dataset\json\985.json,D:\PanoCrowdCount\data\dataset\density_maps\985.npy,train
986,93,50-99,D:\PanoCrowdCount\data\dataset\images\986.jpg,D:\PanoCrowdCount\data\dataset\json\986.json,D:\PanoCrowdCount\data\dataset\density_maps\986.npy,train
987,130,100-199,D:\PanoCrowdCount\data\dataset\images\987.jpg,D:\PanoCrowdCount\data\dataset\json\987.json,D:\PanoCrowdCount\data\dataset\density_maps\987.npy,train
988,45,0-49,D:\PanoCrowdCount\data\dataset\images\988.jpg,D:\PanoCrowdCount\data\dataset\json\988.json,D:\PanoCrowdCount\data\dataset\density_maps\988.npy,train
989,246,200-299,D:\PanoCrowdCount\data\dataset\images\989.jpg,D:\PanoCrowdCount\data\dataset\json\989.json,D:\PanoCrowdCount\data\dataset\density_maps\989.npy,val
99,137,100-199,D:\PanoCrowdCount\data\dataset\images\99.jpg,D:\PanoCrowdCount\data\dataset\json\99.json,D:\PanoCrowdCount\data\dataset\density_maps\99.npy,val
990,120,100-199,D:\PanoCrowdCount\data\dataset\images\990.jpg,D:\PanoCrowdCount\data\dataset\json\990.json,D:\PanoCrowdCount\data\dataset\density_maps\990.npy,train
991,33,0-49,D:\PanoCrowdCount\data\dataset\images\991.jpg,D:\PanoCrowdCount\data\dataset\json\991.json,D:\PanoCrowdCount\data\dataset\density_maps\991.npy,test
992,121,100-199,D:\PanoCrowdCount\data\dataset\images\992.jpg,D:\PanoCrowdCount\data\dataset\json\992.json,D:\PanoCrowdCount\data\dataset\density_maps\992.npy,train
993,163,100-199,D:\PanoCrowdCount\data\dataset\images\993.jpg,D:\PanoCrowdCount\data\dataset\json\993.json,D:\PanoCrowdCount\data\dataset\density_maps\993.npy,train
994,102,100-199,D:\PanoCrowdCount\data\dataset\images\994.jpg,D:\PanoCrowdCount\data\dataset\json\994.json,D:\PanoCrowdCount\data\dataset\density_maps\994.npy,train
995,47,0-49,D:\PanoCrowdCount\data\dataset\images\995.jpg,D:\PanoCrowdCount\data\dataset\json\995.json,D:\PanoCrowdCount\data\dataset\density_maps\995.npy,train
996,146,100-199,D:\PanoCrowdCount\data\dataset\images\996.jpg,D:\PanoCrowdCount\data\dataset\json\996.json,D:\PanoCrowdCount\data\dataset\density_maps\996.npy,train
997,48,0-49,D:\PanoCrowdCount\data\dataset\images\997.jpg,D:\PanoCrowdCount\data\dataset\json\997.json,D:\PanoCrowdCount\data\dataset\density_maps\997.npy,train
998,26,0-49,D:\PanoCrowdCount\data\dataset\images\998.jpg,D:\PanoCrowdCount\data\dataset\json\998.json,D:\PanoCrowdCount\data\dataset\density_maps\998.npy,test
999,104,100-199,D:\PanoCrowdCount\data\dataset\images\999.jpg,D:\PanoCrowdCount\data\dataset\json\999.json,D:\PanoCrowdCount\data\dataset\density_maps\999.npy,test
